[
{
  "model": "admin.logentry",
  "pk": 1,
  "fields": {
    "action_time": "2026-04-17T08:01:20.989Z",
    "user": 1,
    "content_type": 8,
    "object_id": "1",
    "object_repr": "male",
    "action_flag": 1,
    "change_message": "[{\"added\": {}}]"
  }
},
{
  "model": "admin.logentry",
  "pk": 2,
  "fields": {
    "action_time": "2026-04-17T08:01:23.829Z",
    "user": 1,
    "content_type": 8,
    "object_id": "2",
    "object_repr": "female",
    "action_flag": 1,
    "change_message": "[{\"added\": {}}]"
  }
},
{
  "model": "admin.logentry",
  "pk": 3,
  "fields": {
    "action_time": "2026-04-17T08:02:16.360Z",
    "user": 1,
    "content_type": 10,
    "object_id": "1",
    "object_repr": "Travel",
    "action_flag": 1,
    "change_message": "[{\"added\": {}}]"
  }
},
{
  "model": "admin.logentry",
  "pk": 4,
  "fields": {
    "action_time": "2026-04-17T08:02:19.390Z",
    "user": 1,
    "content_type": 10,
    "object_id": "2",
    "object_repr": "Fitness",
    "action_flag": 1,
    "change_message": "[{\"added\": {}}]"
  }
},
{
  "model": "admin.logentry",
  "pk": 5,
  "fields": {
    "action_time": "2026-04-17T08:02:22.951Z",
    "user": 1,
    "content_type": 10,
    "object_id": "3",
    "object_repr": "Music",
    "action_flag": 1,
    "change_message": "[{\"added\": {}}]"
  }
},
{
  "model": "admin.logentry",
  "pk": 6,
  "fields": {
    "action_time": "2026-04-17T08:02:26.116Z",
    "user": 1,
    "content_type": 10,
    "object_id": "4",
    "object_repr": "Movies",
    "action_flag": 1,
    "change_message": "[{\"added\": {}}]"
  }
},
{
  "model": "admin.logentry",
  "pk": 7,
  "fields": {
    "action_time": "2026-04-17T08:02:29.470Z",
    "user": 1,
    "content_type": 10,
    "object_id": "5",
    "object_repr": "Gaming",
    "action_flag": 1,
    "change_message": "[{\"added\": {}}]"
  }
},
{
  "model": "admin.logentry",
  "pk": 8,
  "fields": {
    "action_time": "2026-04-17T08:02:31.925Z",
    "user": 1,
    "content_type": 10,
    "object_id": "6",
    "object_repr": "Cooking",
    "action_flag": 1,
    "change_message": "[{\"added\": {}}]"
  }
},
{
  "model": "admin.logentry",
  "pk": 9,
  "fields": {
    "action_time": "2026-04-17T08:02:36.358Z",
    "user": 1,
    "content_type": 10,
    "object_id": "7",
    "object_repr": "Reading",
    "action_flag": 1,
    "change_message": "[{\"added\": {}}]"
  }
},
{
  "model": "admin.logentry",
  "pk": 10,
  "fields": {
    "action_time": "2026-04-17T08:02:39.328Z",
    "user": 1,
    "content_type": 10,
    "object_id": "8",
    "object_repr": "Photography",
    "action_flag": 1,
    "change_message": "[{\"added\": {}}]"
  }
},
{
  "model": "admin.logentry",
  "pk": 11,
  "fields": {
    "action_time": "2026-04-17T08:02:42.615Z",
    "user": 1,
    "content_type": 10,
    "object_id": "9",
    "object_repr": "Hiking",
    "action_flag": 1,
    "change_message": "[{\"added\": {}}]"
  }
},
{
  "model": "admin.logentry",
  "pk": 12,
  "fields": {
    "action_time": "2026-04-17T08:02:49.162Z",
    "user": 1,
    "content_type": 10,
    "object_id": "10",
    "object_repr": "Art",
    "action_flag": 1,
    "change_message": "[{\"added\": {}}]"
  }
},
{
  "model": "admin.logentry",
  "pk": 13,
  "fields": {
    "action_time": "2026-04-17T08:02:53.052Z",
    "user": 1,
    "content_type": 10,
    "object_id": "11",
    "object_repr": "Dancing",
    "action_flag": 1,
    "change_message": "[{\"added\": {}}]"
  }
},
{
  "model": "admin.logentry",
  "pk": 14,
  "fields": {
    "action_time": "2026-04-17T08:02:55.790Z",
    "user": 1,
    "content_type": 10,
    "object_id": "12",
    "object_repr": "Technology",
    "action_flag": 1,
    "change_message": "[{\"added\": {}}]"
  }
},
{
  "model": "admin.logentry",
  "pk": 15,
  "fields": {
    "action_time": "2026-04-17T08:02:58.529Z",
    "user": 1,
    "content_type": 10,
    "object_id": "13",
    "object_repr": "Pets",
    "action_flag": 1,
    "change_message": "[{\"added\": {}}]"
  }
},
{
  "model": "admin.logentry",
  "pk": 16,
  "fields": {
    "action_time": "2026-04-17T08:03:01.578Z",
    "user": 1,
    "content_type": 10,
    "object_id": "14",
    "object_repr": "Fashion",
    "action_flag": 1,
    "change_message": "[{\"added\": {}}]"
  }
},
{
  "model": "admin.logentry",
  "pk": 17,
  "fields": {
    "action_time": "2026-04-17T08:03:04.257Z",
    "user": 1,
    "content_type": 10,
    "object_id": "15",
    "object_repr": "Coffee",
    "action_flag": 1,
    "change_message": "[{\"added\": {}}]"
  }
},
{
  "model": "admin.logentry",
  "pk": 18,
  "fields": {
    "action_time": "2026-04-17T08:03:11.135Z",
    "user": 1,
    "content_type": 15,
    "object_id": "1",
    "object_repr": "Long-term relationship",
    "action_flag": 1,
    "change_message": "[{\"added\": {}}]"
  }
},
{
  "model": "admin.logentry",
  "pk": 19,
  "fields": {
    "action_time": "2026-04-17T08:03:14.774Z",
    "user": 1,
    "content_type": 15,
    "object_id": "2",
    "object_repr": "Short-term dating",
    "action_flag": 1,
    "change_message": "[{\"added\": {}}]"
  }
},
{
  "model": "admin.logentry",
  "pk": 20,
  "fields": {
    "action_time": "2026-04-17T08:03:21.597Z",
    "user": 1,
    "content_type": 15,
    "object_id": "3",
    "object_repr": "New friends",
    "action_flag": 1,
    "change_message": "[{\"added\": {}}]"
  }
},
{
  "model": "admin.logentry",
  "pk": 21,
  "fields": {
    "action_time": "2026-04-17T08:03:25.605Z",
    "user": 1,
    "content_type": 15,
    "object_id": "4",
    "object_repr": "Casual dating",
    "action_flag": 1,
    "change_message": "[{\"added\": {}}]"
  }
},
{
  "model": "admin.logentry",
  "pk": 22,
  "fields": {
    "action_time": "2026-04-17T08:03:35.038Z",
    "user": 1,
    "content_type": 15,
    "object_id": "5",
    "object_repr": "Still figuring it out",
    "action_flag": 1,
    "change_message": "[{\"added\": {}}]"
  }
},
{
  "model": "auth.permission",
  "pk": 1,
  "fields": {
    "name": "Can add log entry",
    "content_type": 1,
    "codename": "add_logentry"
  }
},
{
  "model": "auth.permission",
  "pk": 2,
  "fields": {
    "name": "Can change log entry",
    "content_type": 1,
    "codename": "change_logentry"
  }
},
{
  "model": "auth.permission",
  "pk": 3,
  "fields": {
    "name": "Can delete log entry",
    "content_type": 1,
    "codename": "delete_logentry"
  }
},
{
  "model": "auth.permission",
  "pk": 4,
  "fields": {
    "name": "Can view log entry",
    "content_type": 1,
    "codename": "view_logentry"
  }
},
{
  "model": "auth.permission",
  "pk": 5,
  "fields": {
    "name": "Can add permission",
    "content_type": 3,
    "codename": "add_permission"
  }
},
{
  "model": "auth.permission",
  "pk": 6,
  "fields": {
    "name": "Can change permission",
    "content_type": 3,
    "codename": "change_permission"
  }
},
{
  "model": "auth.permission",
  "pk": 7,
  "fields": {
    "name": "Can delete permission",
    "content_type": 3,
    "codename": "delete_permission"
  }
},
{
  "model": "auth.permission",
  "pk": 8,
  "fields": {
    "name": "Can view permission",
    "content_type": 3,
    "codename": "view_permission"
  }
},
{
  "model": "auth.permission",
  "pk": 9,
  "fields": {
    "name": "Can add group",
    "content_type": 2,
    "codename": "add_group"
  }
},
{
  "model": "auth.permission",
  "pk": 10,
  "fields": {
    "name": "Can change group",
    "content_type": 2,
    "codename": "change_group"
  }
},
{
  "model": "auth.permission",
  "pk": 11,
  "fields": {
    "name": "Can delete group",
    "content_type": 2,
    "codename": "delete_group"
  }
},
{
  "model": "auth.permission",
  "pk": 12,
  "fields": {
    "name": "Can view group",
    "content_type": 2,
    "codename": "view_group"
  }
},
{
  "model": "auth.permission",
  "pk": 13,
  "fields": {
    "name": "Can add content type",
    "content_type": 4,
    "codename": "add_contenttype"
  }
},
{
  "model": "auth.permission",
  "pk": 14,
  "fields": {
    "name": "Can change content type",
    "content_type": 4,
    "codename": "change_contenttype"
  }
},
{
  "model": "auth.permission",
  "pk": 15,
  "fields": {
    "name": "Can delete content type",
    "content_type": 4,
    "codename": "delete_contenttype"
  }
},
{
  "model": "auth.permission",
  "pk": 16,
  "fields": {
    "name": "Can view content type",
    "content_type": 4,
    "codename": "view_contenttype"
  }
},
{
  "model": "auth.permission",
  "pk": 17,
  "fields": {
    "name": "Can add session",
    "content_type": 5,
    "codename": "add_session"
  }
},
{
  "model": "auth.permission",
  "pk": 18,
  "fields": {
    "name": "Can change session",
    "content_type": 5,
    "codename": "change_session"
  }
},
{
  "model": "auth.permission",
  "pk": 19,
  "fields": {
    "name": "Can delete session",
    "content_type": 5,
    "codename": "delete_session"
  }
},
{
  "model": "auth.permission",
  "pk": 20,
  "fields": {
    "name": "Can view session",
    "content_type": 5,
    "codename": "view_session"
  }
},
{
  "model": "auth.permission",
  "pk": 21,
  "fields": {
    "name": "Can add Blacklisted Token",
    "content_type": 6,
    "codename": "add_blacklistedtoken"
  }
},
{
  "model": "auth.permission",
  "pk": 22,
  "fields": {
    "name": "Can change Blacklisted Token",
    "content_type": 6,
    "codename": "change_blacklistedtoken"
  }
},
{
  "model": "auth.permission",
  "pk": 23,
  "fields": {
    "name": "Can delete Blacklisted Token",
    "content_type": 6,
    "codename": "delete_blacklistedtoken"
  }
},
{
  "model": "auth.permission",
  "pk": 24,
  "fields": {
    "name": "Can view Blacklisted Token",
    "content_type": 6,
    "codename": "view_blacklistedtoken"
  }
},
{
  "model": "auth.permission",
  "pk": 25,
  "fields": {
    "name": "Can add Outstanding Token",
    "content_type": 7,
    "codename": "add_outstandingtoken"
  }
},
{
  "model": "auth.permission",
  "pk": 26,
  "fields": {
    "name": "Can change Outstanding Token",
    "content_type": 7,
    "codename": "change_outstandingtoken"
  }
},
{
  "model": "auth.permission",
  "pk": 27,
  "fields": {
    "name": "Can delete Outstanding Token",
    "content_type": 7,
    "codename": "delete_outstandingtoken"
  }
},
{
  "model": "auth.permission",
  "pk": 28,
  "fields": {
    "name": "Can view Outstanding Token",
    "content_type": 7,
    "codename": "view_outstandingtoken"
  }
},
{
  "model": "auth.permission",
  "pk": 29,
  "fields": {
    "name": "Can add gender",
    "content_type": 8,
    "codename": "add_gender"
  }
},
{
  "model": "auth.permission",
  "pk": 30,
  "fields": {
    "name": "Can change gender",
    "content_type": 8,
    "codename": "change_gender"
  }
},
{
  "model": "auth.permission",
  "pk": 31,
  "fields": {
    "name": "Can delete gender",
    "content_type": 8,
    "codename": "delete_gender"
  }
},
{
  "model": "auth.permission",
  "pk": 32,
  "fields": {
    "name": "Can view gender",
    "content_type": 8,
    "codename": "view_gender"
  }
},
{
  "model": "auth.permission",
  "pk": 33,
  "fields": {
    "name": "Can add interest",
    "content_type": 10,
    "codename": "add_interest"
  }
},
{
  "model": "auth.permission",
  "pk": 34,
  "fields": {
    "name": "Can change interest",
    "content_type": 10,
    "codename": "change_interest"
  }
},
{
  "model": "auth.permission",
  "pk": 35,
  "fields": {
    "name": "Can delete interest",
    "content_type": 10,
    "codename": "delete_interest"
  }
},
{
  "model": "auth.permission",
  "pk": 36,
  "fields": {
    "name": "Can view interest",
    "content_type": 10,
    "codename": "view_interest"
  }
},
{
  "model": "auth.permission",
  "pk": 37,
  "fields": {
    "name": "Can add relationship intention",
    "content_type": 15,
    "codename": "add_relationshipintention"
  }
},
{
  "model": "auth.permission",
  "pk": 38,
  "fields": {
    "name": "Can change relationship intention",
    "content_type": 15,
    "codename": "change_relationshipintention"
  }
},
{
  "model": "auth.permission",
  "pk": 39,
  "fields": {
    "name": "Can delete relationship intention",
    "content_type": 15,
    "codename": "delete_relationshipintention"
  }
},
{
  "model": "auth.permission",
  "pk": 40,
  "fields": {
    "name": "Can view relationship intention",
    "content_type": 15,
    "codename": "view_relationshipintention"
  }
},
{
  "model": "auth.permission",
  "pk": 41,
  "fields": {
    "name": "Can add user",
    "content_type": 17,
    "codename": "add_user"
  }
},
{
  "model": "auth.permission",
  "pk": 42,
  "fields": {
    "name": "Can change user",
    "content_type": 17,
    "codename": "change_user"
  }
},
{
  "model": "auth.permission",
  "pk": 43,
  "fields": {
    "name": "Can delete user",
    "content_type": 17,
    "codename": "delete_user"
  }
},
{
  "model": "auth.permission",
  "pk": 44,
  "fields": {
    "name": "Can view user",
    "content_type": 17,
    "codename": "view_user"
  }
},
{
  "model": "auth.permission",
  "pk": 45,
  "fields": {
    "name": "Can add profile",
    "content_type": 13,
    "codename": "add_profile"
  }
},
{
  "model": "auth.permission",
  "pk": 46,
  "fields": {
    "name": "Can change profile",
    "content_type": 13,
    "codename": "change_profile"
  }
},
{
  "model": "auth.permission",
  "pk": 47,
  "fields": {
    "name": "Can delete profile",
    "content_type": 13,
    "codename": "delete_profile"
  }
},
{
  "model": "auth.permission",
  "pk": 48,
  "fields": {
    "name": "Can view profile",
    "content_type": 13,
    "codename": "view_profile"
  }
},
{
  "model": "auth.permission",
  "pk": 49,
  "fields": {
    "name": "Can add photo",
    "content_type": 12,
    "codename": "add_photo"
  }
},
{
  "model": "auth.permission",
  "pk": 50,
  "fields": {
    "name": "Can change photo",
    "content_type": 12,
    "codename": "change_photo"
  }
},
{
  "model": "auth.permission",
  "pk": 51,
  "fields": {
    "name": "Can delete photo",
    "content_type": 12,
    "codename": "delete_photo"
  }
},
{
  "model": "auth.permission",
  "pk": 52,
  "fields": {
    "name": "Can view photo",
    "content_type": 12,
    "codename": "view_photo"
  }
},
{
  "model": "auth.permission",
  "pk": 53,
  "fields": {
    "name": "Can add info",
    "content_type": 9,
    "codename": "add_info"
  }
},
{
  "model": "auth.permission",
  "pk": 54,
  "fields": {
    "name": "Can change info",
    "content_type": 9,
    "codename": "change_info"
  }
},
{
  "model": "auth.permission",
  "pk": 55,
  "fields": {
    "name": "Can delete info",
    "content_type": 9,
    "codename": "delete_info"
  }
},
{
  "model": "auth.permission",
  "pk": 56,
  "fields": {
    "name": "Can view info",
    "content_type": 9,
    "codename": "view_info"
  }
},
{
  "model": "auth.permission",
  "pk": 57,
  "fields": {
    "name": "Can add interest affinity",
    "content_type": 11,
    "codename": "add_interestaffinity"
  }
},
{
  "model": "auth.permission",
  "pk": 58,
  "fields": {
    "name": "Can change interest affinity",
    "content_type": 11,
    "codename": "change_interestaffinity"
  }
},
{
  "model": "auth.permission",
  "pk": 59,
  "fields": {
    "name": "Can delete interest affinity",
    "content_type": 11,
    "codename": "delete_interestaffinity"
  }
},
{
  "model": "auth.permission",
  "pk": 60,
  "fields": {
    "name": "Can view interest affinity",
    "content_type": 11,
    "codename": "view_interestaffinity"
  }
},
{
  "model": "auth.permission",
  "pk": 61,
  "fields": {
    "name": "Can add profile interest",
    "content_type": 14,
    "codename": "add_profileinterest"
  }
},
{
  "model": "auth.permission",
  "pk": 62,
  "fields": {
    "name": "Can change profile interest",
    "content_type": 14,
    "codename": "change_profileinterest"
  }
},
{
  "model": "auth.permission",
  "pk": 63,
  "fields": {
    "name": "Can delete profile interest",
    "content_type": 14,
    "codename": "delete_profileinterest"
  }
},
{
  "model": "auth.permission",
  "pk": 64,
  "fields": {
    "name": "Can view profile interest",
    "content_type": 14,
    "codename": "view_profileinterest"
  }
},
{
  "model": "auth.permission",
  "pk": 65,
  "fields": {
    "name": "Can add setting",
    "content_type": 16,
    "codename": "add_setting"
  }
},
{
  "model": "auth.permission",
  "pk": 66,
  "fields": {
    "name": "Can change setting",
    "content_type": 16,
    "codename": "change_setting"
  }
},
{
  "model": "auth.permission",
  "pk": 67,
  "fields": {
    "name": "Can delete setting",
    "content_type": 16,
    "codename": "delete_setting"
  }
},
{
  "model": "auth.permission",
  "pk": 68,
  "fields": {
    "name": "Can view setting",
    "content_type": 16,
    "codename": "view_setting"
  }
},
{
  "model": "auth.permission",
  "pk": 69,
  "fields": {
    "name": "Can add interactions",
    "content_type": 18,
    "codename": "add_interactions"
  }
},
{
  "model": "auth.permission",
  "pk": 70,
  "fields": {
    "name": "Can change interactions",
    "content_type": 18,
    "codename": "change_interactions"
  }
},
{
  "model": "auth.permission",
  "pk": 71,
  "fields": {
    "name": "Can delete interactions",
    "content_type": 18,
    "codename": "delete_interactions"
  }
},
{
  "model": "auth.permission",
  "pk": 72,
  "fields": {
    "name": "Can view interactions",
    "content_type": 18,
    "codename": "view_interactions"
  }
},
{
  "model": "auth.permission",
  "pk": 73,
  "fields": {
    "name": "Can add match",
    "content_type": 19,
    "codename": "add_match"
  }
},
{
  "model": "auth.permission",
  "pk": 74,
  "fields": {
    "name": "Can change match",
    "content_type": 19,
    "codename": "change_match"
  }
},
{
  "model": "auth.permission",
  "pk": 75,
  "fields": {
    "name": "Can delete match",
    "content_type": 19,
    "codename": "delete_match"
  }
},
{
  "model": "auth.permission",
  "pk": 76,
  "fields": {
    "name": "Can view match",
    "content_type": 19,
    "codename": "view_match"
  }
},
{
  "model": "contenttypes.contenttype",
  "pk": 1,
  "fields": {
    "app_label": "admin",
    "model": "logentry"
  }
},
{
  "model": "contenttypes.contenttype",
  "pk": 2,
  "fields": {
    "app_label": "auth",
    "model": "group"
  }
},
{
  "model": "contenttypes.contenttype",
  "pk": 3,
  "fields": {
    "app_label": "auth",
    "model": "permission"
  }
},
{
  "model": "contenttypes.contenttype",
  "pk": 4,
  "fields": {
    "app_label": "contenttypes",
    "model": "contenttype"
  }
},
{
  "model": "contenttypes.contenttype",
  "pk": 5,
  "fields": {
    "app_label": "sessions",
    "model": "session"
  }
},
{
  "model": "contenttypes.contenttype",
  "pk": 6,
  "fields": {
    "app_label": "token_blacklist",
    "model": "blacklistedtoken"
  }
},
{
  "model": "contenttypes.contenttype",
  "pk": 7,
  "fields": {
    "app_label": "token_blacklist",
    "model": "outstandingtoken"
  }
},
{
  "model": "contenttypes.contenttype",
  "pk": 8,
  "fields": {
    "app_label": "user",
    "model": "gender"
  }
},
{
  "model": "contenttypes.contenttype",
  "pk": 9,
  "fields": {
    "app_label": "user",
    "model": "info"
  }
},
{
  "model": "contenttypes.contenttype",
  "pk": 10,
  "fields": {
    "app_label": "user",
    "model": "interest"
  }
},
{
  "model": "contenttypes.contenttype",
  "pk": 11,
  "fields": {
    "app_label": "user",
    "model": "interestaffinity"
  }
},
{
  "model": "contenttypes.contenttype",
  "pk": 12,
  "fields": {
    "app_label": "user",
    "model": "photo"
  }
},
{
  "model": "contenttypes.contenttype",
  "pk": 13,
  "fields": {
    "app_label": "user",
    "model": "profile"
  }
},
{
  "model": "contenttypes.contenttype",
  "pk": 14,
  "fields": {
    "app_label": "user",
    "model": "profileinterest"
  }
},
{
  "model": "contenttypes.contenttype",
  "pk": 15,
  "fields": {
    "app_label": "user",
    "model": "relationshipintention"
  }
},
{
  "model": "contenttypes.contenttype",
  "pk": 16,
  "fields": {
    "app_label": "user",
    "model": "setting"
  }
},
{
  "model": "contenttypes.contenttype",
  "pk": 17,
  "fields": {
    "app_label": "user",
    "model": "user"
  }
},
{
  "model": "contenttypes.contenttype",
  "pk": 18,
  "fields": {
    "app_label": "recommendations",
    "model": "interactions"
  }
},
{
  "model": "contenttypes.contenttype",
  "pk": 19,
  "fields": {
    "app_label": "recommendations",
    "model": "match"
  }
},
{
  "model": "sessions.session",
  "pk": "c2p8nwqvqm3jfbyc8r2na0udvvnozkg1",
  "fields": {
    "session_data": ".eJxVjD0LwjAQhv9LZim9mC8cBUdxcg6XuwspthUaO4n_3RQ66PY-79dbRVxfJa5VljiwOilQh18vIT1k3oINux1rd5lwGG_LvZkzTnJ9soznvft3ULCWtnaE3lrhXmvKmXSgFIDBkXMQbDBoMvdiJPkmAZO1AUQDMGlzZPTq8wUHLThU:1wDe8Z:i1b_QVzuZ9EjdzzDl1B-YKPepoZunq0B31no4Eq6-4s",
    "expire_date": "2026-05-01T08:01:15.961Z"
  }
},
{
  "model": "user.user",
  "pk": 1,
  "fields": {
    "password": "pbkdf2_sha256$1200000$4KoMknqsWXPUaDcrciURLs$hZyUfpw/nsxOBtzqCdfVBlLCMID1a1rSeT3HMxkhZrI=",
    "last_login": "2026-04-17T08:01:15.959Z",
    "is_superuser": true,
    "username": "admin",
    "email": "admin@spark.com",
    "is_active": true,
    "is_staff": true,
    "date_joined": "2026-04-17T08:00:05.113Z",
    "last_active": null,
    "groups": [],
    "user_permissions": []
  }
},
{
  "model": "user.user",
  "pk": 2,
  "fields": {
    "password": "pbkdf2_sha256$1200000$Y6Lnma2MAAWbmt8kt3RRfL$j5B57lBmTzFblFBj1j4K1KK9UJLnWxJKH3UkqwNBZ4s=",
    "last_login": null,
    "is_superuser": false,
    "username": "ImpLeax",
    "email": "vovabond011@gmail.com",
    "is_active": true,
    "is_staff": false,
    "date_joined": "2026-04-17T08:04:45.121Z",
    "last_active": null,
    "groups": [],
    "user_permissions": []
  }
},
{
  "model": "user.user",
  "pk": 3,
  "fields": {
    "password": "pbkdf2_sha256$1200000$gv3P62RSiHzpoFxbk2qUo3$pGUNG8/oVWOys+NNqQlD8L/j5j8yvZkH5dfXF0qD1QI=",
    "last_login": null,
    "is_superuser": false,
    "username": "user7",
    "email": "user7@gmail.com",
    "is_active": true,
    "is_staff": false,
    "date_joined": "2026-04-17T08:09:30.913Z",
    "last_active": null,
    "groups": [],
    "user_permissions": []
  }
},
{
  "model": "user.user",
  "pk": 4,
  "fields": {
    "password": "pbkdf2_sha256$1200000$Ye3mT7ANKoS26uAPYtKUm3$/Z3epAvsbVVWC4JGUEWce0Q8hDQhu/0zSmQ5moT1GrU=",
    "last_login": null,
    "is_superuser": false,
    "username": "user8",
    "email": "user8@gmail.com",
    "is_active": true,
    "is_staff": false,
    "date_joined": "2026-04-17T08:09:31.181Z",
    "last_active": null,
    "groups": [],
    "user_permissions": []
  }
},
{
  "model": "user.user",
  "pk": 5,
  "fields": {
    "password": "pbkdf2_sha256$1200000$0sZkR8WaX6k7mIZuHW4eyu$/a6MAlhfQjMT1C9RWieE3aEDOmH8H5vfqdufS/qwSEk=",
    "last_login": null,
    "is_superuser": false,
    "username": "user9",
    "email": "user9@gmail.com",
    "is_active": true,
    "is_staff": false,
    "date_joined": "2026-04-17T08:09:31.464Z",
    "last_active": null,
    "groups": [],
    "user_permissions": []
  }
},
{
  "model": "user.user",
  "pk": 6,
  "fields": {
    "password": "pbkdf2_sha256$1200000$4vvwnbOpCoh8v2eiD241qP$uJ7gP2Z3mb09t+Lbmg5Wi3+XU6dZ7rXtXguOvBpgGJc=",
    "last_login": null,
    "is_superuser": false,
    "username": "user10",
    "email": "user10@gmail.com",
    "is_active": true,
    "is_staff": false,
    "date_joined": "2026-04-17T08:09:31.742Z",
    "last_active": null,
    "groups": [],
    "user_permissions": []
  }
},
{
  "model": "user.user",
  "pk": 7,
  "fields": {
    "password": "pbkdf2_sha256$1200000$RsdITLFWI0OuQPhQ7d7zda$NPACfRReConW5V+eIU7TRxVUNzym/d18//YYH1LDaXQ=",
    "last_login": null,
    "is_superuser": false,
    "username": "user11",
    "email": "user11@gmail.com",
    "is_active": true,
    "is_staff": false,
    "date_joined": "2026-04-17T08:09:32.018Z",
    "last_active": null,
    "groups": [],
    "user_permissions": []
  }
},
{
  "model": "user.user",
  "pk": 8,
  "fields": {
    "password": "pbkdf2_sha256$1200000$sosTtoCDCFWoIIyVkJpkDd$ToQ8BFXWA49BZHdIgDLApQtRJaLiIV0RqQF2v/AOcAE=",
    "last_login": null,
    "is_superuser": false,
    "username": "user12",
    "email": "user12@gmail.com",
    "is_active": true,
    "is_staff": false,
    "date_joined": "2026-04-17T08:09:32.292Z",
    "last_active": null,
    "groups": [],
    "user_permissions": []
  }
},
{
  "model": "user.user",
  "pk": 9,
  "fields": {
    "password": "pbkdf2_sha256$1200000$Ocqqg7pdZSt3g8qOa6zj8w$rZKua4oa5ZKP7mJetTPyT3b/+c+Y63UxqAO5YxFsUHw=",
    "last_login": null,
    "is_superuser": false,
    "username": "user13",
    "email": "user13@gmail.com",
    "is_active": true,
    "is_staff": false,
    "date_joined": "2026-04-17T08:09:32.565Z",
    "last_active": null,
    "groups": [],
    "user_permissions": []
  }
},
{
  "model": "user.user",
  "pk": 10,
  "fields": {
    "password": "pbkdf2_sha256$1200000$cU8SfIWcRpCx6OOtfzqb8K$kV2xNvBjSJDgrUo042wOVmr/sSC00QE6IiToAqzFTtk=",
    "last_login": null,
    "is_superuser": false,
    "username": "user14",
    "email": "user14@gmail.com",
    "is_active": true,
    "is_staff": false,
    "date_joined": "2026-04-17T08:09:32.841Z",
    "last_active": null,
    "groups": [],
    "user_permissions": []
  }
},
{
  "model": "user.user",
  "pk": 11,
  "fields": {
    "password": "pbkdf2_sha256$1200000$Kpjcab8CL1poOg9uhSyt03$wouvixhDRysLCnf85tkz6m5YwhaPOuh7M/eaYGGwVVw=",
    "last_login": null,
    "is_superuser": false,
    "username": "user15",
    "email": "user15@gmail.com",
    "is_active": true,
    "is_staff": false,
    "date_joined": "2026-04-17T08:09:33.114Z",
    "last_active": null,
    "groups": [],
    "user_permissions": []
  }
},
{
  "model": "user.user",
  "pk": 12,
  "fields": {
    "password": "pbkdf2_sha256$1200000$Uc8hhRMIl56dKHMNj22m4P$jlkRKHsFVXu6gs4bUFuA6qTBI0sC9HfHsqzBZj9Ejwk=",
    "last_login": null,
    "is_superuser": false,
    "username": "user16",
    "email": "user16@gmail.com",
    "is_active": true,
    "is_staff": false,
    "date_joined": "2026-04-17T08:09:33.387Z",
    "last_active": null,
    "groups": [],
    "user_permissions": []
  }
},
{
  "model": "user.user",
  "pk": 13,
  "fields": {
    "password": "pbkdf2_sha256$1200000$xzjWvOOMXjFQAsKUJgjFeM$UnfJIf0sHcFuLKUhzixQguFwkUnDS16p3jARFIzHpOs=",
    "last_login": null,
    "is_superuser": false,
    "username": "user17",
    "email": "user17@gmail.com",
    "is_active": true,
    "is_staff": false,
    "date_joined": "2026-04-17T08:09:33.658Z",
    "last_active": null,
    "groups": [],
    "user_permissions": []
  }
},
{
  "model": "user.user",
  "pk": 14,
  "fields": {
    "password": "pbkdf2_sha256$1200000$pM6DsJmSJHJ4c0nLPC6ldp$aXKPZMAacRt+TNNLu2u4ts389C5Y+mCehhEmVDNP5+0=",
    "last_login": null,
    "is_superuser": false,
    "username": "user18",
    "email": "user18@gmail.com",
    "is_active": true,
    "is_staff": false,
    "date_joined": "2026-04-17T08:09:33.929Z",
    "last_active": null,
    "groups": [],
    "user_permissions": []
  }
},
{
  "model": "user.user",
  "pk": 15,
  "fields": {
    "password": "pbkdf2_sha256$1200000$IwnK6rPTPIJrKDBHOysVBo$x464akSA0HXJEUVYJtVsEShiCXKMweCmIXTVyaE88ew=",
    "last_login": null,
    "is_superuser": false,
    "username": "user19",
    "email": "user19@gmail.com",
    "is_active": true,
    "is_staff": false,
    "date_joined": "2026-04-17T08:09:34.200Z",
    "last_active": null,
    "groups": [],
    "user_permissions": []
  }
},
{
  "model": "user.user",
  "pk": 16,
  "fields": {
    "password": "pbkdf2_sha256$1200000$aq2c6irHI3RmggjrsmytTC$cAGIPi732f+ruOGp1GCKVy0W4l795gi/d67TwT5L7Qs=",
    "last_login": null,
    "is_superuser": false,
    "username": "user20",
    "email": "user20@gmail.com",
    "is_active": true,
    "is_staff": false,
    "date_joined": "2026-04-17T08:10:08.868Z",
    "last_active": null,
    "groups": [],
    "user_permissions": []
  }
},
{
  "model": "user.user",
  "pk": 17,
  "fields": {
    "password": "pbkdf2_sha256$1200000$qn2nPRfVVQC7HuvSj717w6$qA+6rJCEMPrOVQJNsatd4FtvllA5cXkALr1FDsDSnwI=",
    "last_login": null,
    "is_superuser": false,
    "username": "user21",
    "email": "user21@gmail.com",
    "is_active": true,
    "is_staff": false,
    "date_joined": "2026-04-17T08:10:09.113Z",
    "last_active": null,
    "groups": [],
    "user_permissions": []
  }
},
{
  "model": "user.user",
  "pk": 18,
  "fields": {
    "password": "pbkdf2_sha256$1200000$cchMG1lxQ4CTFBXrxjoh3a$CLv46FrrPvzzNc4s1Pl4S7uXFVnAFDJYAg8IIJcOCOQ=",
    "last_login": null,
    "is_superuser": false,
    "username": "user22",
    "email": "user22@gmail.com",
    "is_active": true,
    "is_staff": false,
    "date_joined": "2026-04-17T08:10:09.394Z",
    "last_active": null,
    "groups": [],
    "user_permissions": []
  }
},
{
  "model": "user.user",
  "pk": 19,
  "fields": {
    "password": "pbkdf2_sha256$1200000$XH6SGPrb5aqK2lbLpzyRkp$RY9cQu2bjhEmxTeWj/fqDszdgOWlHbavlQJ3MbcxzWw=",
    "last_login": null,
    "is_superuser": false,
    "username": "user23",
    "email": "user23@gmail.com",
    "is_active": true,
    "is_staff": false,
    "date_joined": "2026-04-17T08:10:09.673Z",
    "last_active": null,
    "groups": [],
    "user_permissions": []
  }
},
{
  "model": "user.user",
  "pk": 20,
  "fields": {
    "password": "pbkdf2_sha256$1200000$drxNNS3mIW0WeW16zizyof$X3gA6+fxIPVvyu6r2jNu+Ba1m5sbvRYGNZnJ7CNreOo=",
    "last_login": null,
    "is_superuser": false,
    "username": "user24",
    "email": "user24@gmail.com",
    "is_active": true,
    "is_staff": false,
    "date_joined": "2026-04-17T08:10:09.962Z",
    "last_active": null,
    "groups": [],
    "user_permissions": []
  }
},
{
  "model": "user.user",
  "pk": 21,
  "fields": {
    "password": "pbkdf2_sha256$1200000$O244zCZApAiQ0W1FmKSunp$YjFO6njlOQRrCBEhZ6USnx31mUg8qqEiAh/2zkY5aso=",
    "last_login": null,
    "is_superuser": false,
    "username": "user25",
    "email": "user25@gmail.com",
    "is_active": true,
    "is_staff": false,
    "date_joined": "2026-04-17T08:10:10.237Z",
    "last_active": null,
    "groups": [],
    "user_permissions": []
  }
},
{
  "model": "user.user",
  "pk": 22,
  "fields": {
    "password": "pbkdf2_sha256$1200000$oUwF8Eou4keDtHg0p8Z84Z$VKuAzEIoGwYUoM8yAoBYSFLZEpT73+UoK7Mm2clDyyw=",
    "last_login": null,
    "is_superuser": false,
    "username": "user26",
    "email": "user26@gmail.com",
    "is_active": true,
    "is_staff": false,
    "date_joined": "2026-04-17T08:10:10.510Z",
    "last_active": null,
    "groups": [],
    "user_permissions": []
  }
},
{
  "model": "user.user",
  "pk": 23,
  "fields": {
    "password": "pbkdf2_sha256$1200000$E9HBEqQV4OZ3R9Pbc9SUIh$Po4TuN6MbN8sdmBXoe+L4GyfVIGYp78WVpYfvX9TqY4=",
    "last_login": null,
    "is_superuser": false,
    "username": "user27",
    "email": "user27@gmail.com",
    "is_active": true,
    "is_staff": false,
    "date_joined": "2026-04-17T08:10:10.784Z",
    "last_active": null,
    "groups": [],
    "user_permissions": []
  }
},
{
  "model": "user.user",
  "pk": 24,
  "fields": {
    "password": "pbkdf2_sha256$1200000$lFWQ79yiyQ2XHBCITQANwg$PeF0U7Vp0qw9uu7IuUYrgss0p6vPDWMhmIBn5K+VHko=",
    "last_login": null,
    "is_superuser": false,
    "username": "user28",
    "email": "user28@gmail.com",
    "is_active": true,
    "is_staff": false,
    "date_joined": "2026-04-17T08:10:11.065Z",
    "last_active": null,
    "groups": [],
    "user_permissions": []
  }
},
{
  "model": "user.user",
  "pk": 25,
  "fields": {
    "password": "pbkdf2_sha256$1200000$9AN13nNneL61QDacbpNMWS$VAfTjLY+IruLflPoHdR/SyvfpnJjialfwy8MqFdOsjc=",
    "last_login": null,
    "is_superuser": false,
    "username": "user29",
    "email": "user29@gmail.com",
    "is_active": true,
    "is_staff": false,
    "date_joined": "2026-04-17T08:10:11.346Z",
    "last_active": null,
    "groups": [],
    "user_permissions": []
  }
},
{
  "model": "user.user",
  "pk": 26,
  "fields": {
    "password": "pbkdf2_sha256$1200000$62xn6SrOiP0Ge5S2OP1V7R$bo7/4Oi6oNJFVCegVnmEn6DQFVSr3M+lglBt7GP6UnY=",
    "last_login": null,
    "is_superuser": false,
    "username": "user30",
    "email": "user30@gmail.com",
    "is_active": true,
    "is_staff": false,
    "date_joined": "2026-04-17T08:10:11.626Z",
    "last_active": null,
    "groups": [],
    "user_permissions": []
  }
},
{
  "model": "user.user",
  "pk": 27,
  "fields": {
    "password": "pbkdf2_sha256$1200000$QvkMnjPSF93qp2SN3gu5Am$Mnie5F8tcpoQsIfZIZ/0AODCLsBiW3H1kG3SLS0IsuU=",
    "last_login": null,
    "is_superuser": false,
    "username": "user31",
    "email": "user31@gmail.com",
    "is_active": true,
    "is_staff": false,
    "date_joined": "2026-04-17T08:10:11.907Z",
    "last_active": null,
    "groups": [],
    "user_permissions": []
  }
},
{
  "model": "user.user",
  "pk": 28,
  "fields": {
    "password": "pbkdf2_sha256$1200000$xVLBkPvcXwszB4hBKDxLQw$evvqYLrvwsvM9TA+GteeW1vmQimtDNCmTiQeTC5vdVM=",
    "last_login": null,
    "is_superuser": false,
    "username": "user32",
    "email": "user32@gmail.com",
    "is_active": true,
    "is_staff": false,
    "date_joined": "2026-04-17T08:10:12.181Z",
    "last_active": null,
    "groups": [],
    "user_permissions": []
  }
},
{
  "model": "user.user",
  "pk": 29,
  "fields": {
    "password": "pbkdf2_sha256$1200000$tBdXT3iPhePzS6pLEQYDAu$u39MUuAiQ8SqltWuNQBedn0YXfwanSohjTQUmereDis=",
    "last_login": null,
    "is_superuser": false,
    "username": "user33",
    "email": "user33@gmail.com",
    "is_active": true,
    "is_staff": false,
    "date_joined": "2026-04-17T08:10:12.460Z",
    "last_active": null,
    "groups": [],
    "user_permissions": []
  }
},
{
  "model": "user.user",
  "pk": 30,
  "fields": {
    "password": "pbkdf2_sha256$1200000$JzNtneFaZEkovUZSMuNBxJ$Wv85nTtTv7K3EWz3jWTqjtWgTJdsHWG5LHb2ZjJ13+Y=",
    "last_login": null,
    "is_superuser": false,
    "username": "user34",
    "email": "user34@gmail.com",
    "is_active": true,
    "is_staff": false,
    "date_joined": "2026-04-17T08:10:12.737Z",
    "last_active": null,
    "groups": [],
    "user_permissions": []
  }
},
{
  "model": "user.user",
  "pk": 31,
  "fields": {
    "password": "pbkdf2_sha256$1200000$Nl0XgXBtLZu2MPxdZc3gej$a3d/yGE3O1t2C6ACODfhtRUCzTiESySildPNQhLt3Ps=",
    "last_login": null,
    "is_superuser": false,
    "username": "user35",
    "email": "user35@gmail.com",
    "is_active": true,
    "is_staff": false,
    "date_joined": "2026-04-17T08:10:13.012Z",
    "last_active": null,
    "groups": [],
    "user_permissions": []
  }
},
{
  "model": "user.user",
  "pk": 32,
  "fields": {
    "password": "pbkdf2_sha256$1200000$fDVAocPtKw9xpqnSPnvhpy$bkrKQPWFVusnEhM+7lUxxiZq++N68p/m1K5qcS/oxDE=",
    "last_login": null,
    "is_superuser": false,
    "username": "user36",
    "email": "user36@gmail.com",
    "is_active": true,
    "is_staff": false,
    "date_joined": "2026-04-17T08:10:13.284Z",
    "last_active": null,
    "groups": [],
    "user_permissions": []
  }
},
{
  "model": "user.user",
  "pk": 33,
  "fields": {
    "password": "pbkdf2_sha256$1200000$cGEcMGeDzoBQaAqG9QoXJA$tsO4tVdwaG7pdMbOW08kG28F/h3WuqcshiMLG0BtYFw=",
    "last_login": null,
    "is_superuser": false,
    "username": "user37",
    "email": "user37@gmail.com",
    "is_active": true,
    "is_staff": false,
    "date_joined": "2026-04-17T08:10:13.565Z",
    "last_active": null,
    "groups": [],
    "user_permissions": []
  }
},
{
  "model": "user.user",
  "pk": 34,
  "fields": {
    "password": "pbkdf2_sha256$1200000$3wYEaI516NXdOlGRIPvHUD$Oqqn1A1e8AAdtCsovZE+LA4QzR0SW9Ag+fvaL2gxmy4=",
    "last_login": null,
    "is_superuser": false,
    "username": "user38",
    "email": "user38@gmail.com",
    "is_active": true,
    "is_staff": false,
    "date_joined": "2026-04-17T08:10:13.837Z",
    "last_active": null,
    "groups": [],
    "user_permissions": []
  }
},
{
  "model": "user.user",
  "pk": 35,
  "fields": {
    "password": "pbkdf2_sha256$1200000$EhtYckmBm1zBXnDfc7skAU$CBjju8R+OAmf3obLXaqON4LAQ2Dx//SMCkZzXfUf3iI=",
    "last_login": null,
    "is_superuser": false,
    "username": "user39",
    "email": "user39@gmail.com",
    "is_active": true,
    "is_staff": false,
    "date_joined": "2026-04-17T08:10:14.106Z",
    "last_active": null,
    "groups": [],
    "user_permissions": []
  }
},
{
  "model": "user.user",
  "pk": 36,
  "fields": {
    "password": "pbkdf2_sha256$1200000$yxY2zpcEM3gJ6LavhyH0qS$QGeXly2dSH4lwBcbjrxzPe9phwTk0xuENP+QDOLUtmg=",
    "last_login": null,
    "is_superuser": false,
    "username": "user40",
    "email": "user40@gmail.com",
    "is_active": true,
    "is_staff": false,
    "date_joined": "2026-04-17T08:10:14.382Z",
    "last_active": null,
    "groups": [],
    "user_permissions": []
  }
},
{
  "model": "user.user",
  "pk": 37,
  "fields": {
    "password": "pbkdf2_sha256$1200000$2FWWIsPI67rcErmJuS3Vkv$Jiw5tKGTyjId1OxnXv7AFmGFUGiJuKcpzGcRlege4VA=",
    "last_login": null,
    "is_superuser": false,
    "username": "user41",
    "email": "user41@gmail.com",
    "is_active": true,
    "is_staff": false,
    "date_joined": "2026-04-17T08:10:14.652Z",
    "last_active": null,
    "groups": [],
    "user_permissions": []
  }
},
{
  "model": "user.user",
  "pk": 38,
  "fields": {
    "password": "pbkdf2_sha256$1200000$D5yK4rSFbta70iQ1Naqt8C$ikh79t5339a5XGfs2gfT83QNHiy84mOcVaEFCVKPxPw=",
    "last_login": null,
    "is_superuser": false,
    "username": "user42",
    "email": "user42@gmail.com",
    "is_active": true,
    "is_staff": false,
    "date_joined": "2026-04-17T08:10:14.929Z",
    "last_active": null,
    "groups": [],
    "user_permissions": []
  }
},
{
  "model": "user.user",
  "pk": 39,
  "fields": {
    "password": "pbkdf2_sha256$1200000$gIuIrCbycQLNJemvH4gX0g$NY1p5tAr1+JWXmpGFYr8612BTklLdmeTQcZWPOwaW5Y=",
    "last_login": null,
    "is_superuser": false,
    "username": "user43",
    "email": "user43@gmail.com",
    "is_active": true,
    "is_staff": false,
    "date_joined": "2026-04-17T08:10:15.207Z",
    "last_active": null,
    "groups": [],
    "user_permissions": []
  }
},
{
  "model": "user.user",
  "pk": 40,
  "fields": {
    "password": "pbkdf2_sha256$1200000$2B6hzGryxT09v3Z0hhYjdt$nQJStLa/xDRySwd94wTnu1SPokiyg1SQPtDQ+Kz1AbE=",
    "last_login": null,
    "is_superuser": false,
    "username": "user44",
    "email": "user44@gmail.com",
    "is_active": true,
    "is_staff": false,
    "date_joined": "2026-04-17T08:10:15.501Z",
    "last_active": null,
    "groups": [],
    "user_permissions": []
  }
},
{
  "model": "user.user",
  "pk": 41,
  "fields": {
    "password": "pbkdf2_sha256$1200000$GFjz6tgZY9JzUIAoWpxB9l$HCdukfsWn4nI9K1D30DxsBZMpJIjtPQmB77KI3cCIs0=",
    "last_login": null,
    "is_superuser": false,
    "username": "user45",
    "email": "user45@gmail.com",
    "is_active": true,
    "is_staff": false,
    "date_joined": "2026-04-17T08:10:15.785Z",
    "last_active": null,
    "groups": [],
    "user_permissions": []
  }
},
{
  "model": "user.user",
  "pk": 42,
  "fields": {
    "password": "pbkdf2_sha256$1200000$CFEO3Etmsxvx2ZwR92GgUm$3NB8owurjQv31ThhIIGzUNNm1GbLjPj2nR7jrfkSgKs=",
    "last_login": null,
    "is_superuser": false,
    "username": "user46",
    "email": "user46@gmail.com",
    "is_active": true,
    "is_staff": false,
    "date_joined": "2026-04-17T08:10:16.066Z",
    "last_active": null,
    "groups": [],
    "user_permissions": []
  }
},
{
  "model": "user.user",
  "pk": 43,
  "fields": {
    "password": "pbkdf2_sha256$1200000$Ni2IWuOHDHflOfGArMTwW9$duCJ+9mUZcmNvpvnd4piy1IyRvNN34egmPqPZQaCfvg=",
    "last_login": null,
    "is_superuser": false,
    "username": "user47",
    "email": "user47@gmail.com",
    "is_active": true,
    "is_staff": false,
    "date_joined": "2026-04-17T08:10:16.352Z",
    "last_active": null,
    "groups": [],
    "user_permissions": []
  }
},
{
  "model": "user.user",
  "pk": 44,
  "fields": {
    "password": "pbkdf2_sha256$1200000$1P4kE6DcS5VsOmEC6uEpub$sqWZITah7ZTzJ+UCeFgwXi/poGkhA2spY/fi+/PTHhw=",
    "last_login": null,
    "is_superuser": false,
    "username": "user48",
    "email": "user48@gmail.com",
    "is_active": true,
    "is_staff": false,
    "date_joined": "2026-04-17T08:10:16.637Z",
    "last_active": null,
    "groups": [],
    "user_permissions": []
  }
},
{
  "model": "user.user",
  "pk": 45,
  "fields": {
    "password": "pbkdf2_sha256$1200000$mVLOwYbUBze83EaaWaBoxE$JAkZqfIsnW3r6Tl7RdwZk8tUk9z7KgYyl4K9T8qN36g=",
    "last_login": null,
    "is_superuser": false,
    "username": "user49",
    "email": "user49@gmail.com",
    "is_active": true,
    "is_staff": false,
    "date_joined": "2026-04-17T08:10:16.914Z",
    "last_active": null,
    "groups": [],
    "user_permissions": []
  }
},
{
  "model": "user.user",
  "pk": 46,
  "fields": {
    "password": "pbkdf2_sha256$1200000$WqJhU2gDnCIZZEA7QKwias$Uf+VqL/56xonW3OyZ6ucLCZ1JoihUofqbWeDogvgJxg=",
    "last_login": null,
    "is_superuser": false,
    "username": "user50",
    "email": "user50@gmail.com",
    "is_active": true,
    "is_staff": false,
    "date_joined": "2026-04-17T08:10:17.190Z",
    "last_active": null,
    "groups": [],
    "user_permissions": []
  }
},
{
  "model": "user.user",
  "pk": 47,
  "fields": {
    "password": "pbkdf2_sha256$1200000$XSpMRgia8ukApOt9KWR3Bq$zOlue6RXqPzAgcHNGqaYPOj2dtsRBU1ne1VEfdbe43Q=",
    "last_login": null,
    "is_superuser": false,
    "username": "user51",
    "email": "user51@gmail.com",
    "is_active": true,
    "is_staff": false,
    "date_joined": "2026-04-17T08:10:17.465Z",
    "last_active": null,
    "groups": [],
    "user_permissions": []
  }
},
{
  "model": "user.user",
  "pk": 48,
  "fields": {
    "password": "pbkdf2_sha256$1200000$T7YRViaKPuuBoxY6ZYtb4G$BvKwyFEfDmfYH3r+syDw2FCo7gWVsp+vbqe0VN+IdAU=",
    "last_login": null,
    "is_superuser": false,
    "username": "user52",
    "email": "user52@gmail.com",
    "is_active": true,
    "is_staff": false,
    "date_joined": "2026-04-17T08:10:17.737Z",
    "last_active": null,
    "groups": [],
    "user_permissions": []
  }
},
{
  "model": "user.user",
  "pk": 49,
  "fields": {
    "password": "pbkdf2_sha256$1200000$MjubACwahOw7XfmqQHxYlb$qCs3qhbz1zYjSyjioJmekkAKV/wi5jjvghKgz7YHZ5k=",
    "last_login": null,
    "is_superuser": false,
    "username": "user53",
    "email": "user53@gmail.com",
    "is_active": true,
    "is_staff": false,
    "date_joined": "2026-04-17T08:10:18.009Z",
    "last_active": null,
    "groups": [],
    "user_permissions": []
  }
},
{
  "model": "user.user",
  "pk": 50,
  "fields": {
    "password": "pbkdf2_sha256$1200000$XR1ywEPEaKrsSUPvujc1vV$vgpZaoTTK6rVunkjcCsmD2clN+JQBRWGMQmQW8d6XkM=",
    "last_login": null,
    "is_superuser": false,
    "username": "user54",
    "email": "user54@gmail.com",
    "is_active": true,
    "is_staff": false,
    "date_joined": "2026-04-17T08:10:18.280Z",
    "last_active": null,
    "groups": [],
    "user_permissions": []
  }
},
{
  "model": "user.user",
  "pk": 51,
  "fields": {
    "password": "pbkdf2_sha256$1200000$5PUWEJG8GQDEbapZxzUXAF$fmnWJdGssoikF8tU1z12kv3hLuykQ4Vy9Ct01mg4Z1c=",
    "last_login": null,
    "is_superuser": false,
    "username": "user55",
    "email": "user55@gmail.com",
    "is_active": true,
    "is_staff": false,
    "date_joined": "2026-04-17T08:10:18.553Z",
    "last_active": null,
    "groups": [],
    "user_permissions": []
  }
},
{
  "model": "user.user",
  "pk": 52,
  "fields": {
    "password": "pbkdf2_sha256$1200000$NlNMWJPCWm0PAG35scEJO5$0viql/FnpD78ni6DHq/4SderhCNSq+d6Du0Vlc6uMkU=",
    "last_login": null,
    "is_superuser": false,
    "username": "user56",
    "email": "user56@gmail.com",
    "is_active": true,
    "is_staff": false,
    "date_joined": "2026-04-17T08:10:18.824Z",
    "last_active": null,
    "groups": [],
    "user_permissions": []
  }
},
{
  "model": "user.user",
  "pk": 53,
  "fields": {
    "password": "pbkdf2_sha256$1200000$dYVUKDIzWXlOfpM0Cz6l7K$d8m5KPgtdSu7IM3A4GocvhROAqEL10eRWWIrM6WhLK8=",
    "last_login": null,
    "is_superuser": false,
    "username": "user57",
    "email": "user57@gmail.com",
    "is_active": true,
    "is_staff": false,
    "date_joined": "2026-04-17T08:10:19.092Z",
    "last_active": null,
    "groups": [],
    "user_permissions": []
  }
},
{
  "model": "user.user",
  "pk": 54,
  "fields": {
    "password": "pbkdf2_sha256$1200000$88QMsbd6yuhOkGYEZ1U0e2$D2xmuZySkEYuwWXUJW72D64sGyvZgur1DXgAS6uWLxI=",
    "last_login": null,
    "is_superuser": false,
    "username": "user58",
    "email": "user58@gmail.com",
    "is_active": true,
    "is_staff": false,
    "date_joined": "2026-04-17T08:10:19.364Z",
    "last_active": null,
    "groups": [],
    "user_permissions": []
  }
},
{
  "model": "user.user",
  "pk": 55,
  "fields": {
    "password": "pbkdf2_sha256$1200000$ZyrMDpUoys7Pg8Adfa9Dy9$lJSwFfxiJ28dIwQprdh/AyFZEV8efoHy0MiB2xyoP2c=",
    "last_login": null,
    "is_superuser": false,
    "username": "user59",
    "email": "user59@gmail.com",
    "is_active": true,
    "is_staff": false,
    "date_joined": "2026-04-17T08:10:19.639Z",
    "last_active": null,
    "groups": [],
    "user_permissions": []
  }
},
{
  "model": "user.user",
  "pk": 56,
  "fields": {
    "password": "pbkdf2_sha256$1200000$G7UroLLkiCAU57nPckwPMb$Auv0ZjqJm2R+12d7ENw2b6K5kERqK5fMLEC3zcL2nSw=",
    "last_login": null,
    "is_superuser": false,
    "username": "user60",
    "email": "user60@gmail.com",
    "is_active": true,
    "is_staff": false,
    "date_joined": "2026-04-17T08:10:19.909Z",
    "last_active": null,
    "groups": [],
    "user_permissions": []
  }
},
{
  "model": "user.user",
  "pk": 57,
  "fields": {
    "password": "pbkdf2_sha256$1200000$w8FBY6aHhAUafmBLrRq1fa$8ea7p3BGJ49bRIfGLPN1ynGf7tMBfHRmyuunqUI7tOY=",
    "last_login": null,
    "is_superuser": false,
    "username": "user61",
    "email": "user61@gmail.com",
    "is_active": true,
    "is_staff": false,
    "date_joined": "2026-04-17T08:10:20.183Z",
    "last_active": null,
    "groups": [],
    "user_permissions": []
  }
},
{
  "model": "user.user",
  "pk": 58,
  "fields": {
    "password": "pbkdf2_sha256$1200000$hEDRxExYFN6SF0TwUv172t$OTPmxPaPg80pEcIT3lJa77lGEafqwGr48G1KSFMGlUY=",
    "last_login": null,
    "is_superuser": false,
    "username": "user62",
    "email": "user62@gmail.com",
    "is_active": true,
    "is_staff": false,
    "date_joined": "2026-04-17T08:10:20.457Z",
    "last_active": null,
    "groups": [],
    "user_permissions": []
  }
},
{
  "model": "user.user",
  "pk": 59,
  "fields": {
    "password": "pbkdf2_sha256$1200000$2GjpqKvExbFGO5yGWTwEoI$3hOTAqnnTpMiQdQUmJ/B0qzPvVaJcERpl9JAXuOMza0=",
    "last_login": null,
    "is_superuser": false,
    "username": "user63",
    "email": "user63@gmail.com",
    "is_active": true,
    "is_staff": false,
    "date_joined": "2026-04-17T08:10:20.728Z",
    "last_active": null,
    "groups": [],
    "user_permissions": []
  }
},
{
  "model": "user.user",
  "pk": 60,
  "fields": {
    "password": "pbkdf2_sha256$1200000$4JwjwVUMo4tFb3oqbJ2Sir$267Y+txU6DD2717vV1W7bV/NBXMK1NlUQSuHBoIfdO4=",
    "last_login": null,
    "is_superuser": false,
    "username": "user64",
    "email": "user64@gmail.com",
    "is_active": true,
    "is_staff": false,
    "date_joined": "2026-04-17T08:10:20.996Z",
    "last_active": null,
    "groups": [],
    "user_permissions": []
  }
},
{
  "model": "user.user",
  "pk": 61,
  "fields": {
    "password": "pbkdf2_sha256$1200000$hboRmNQCHibTHBvnOwl2YP$qg9eHgGhAW/0HDk+tNIwtrw9LQMlZblSZSHsLFw8c9c=",
    "last_login": null,
    "is_superuser": false,
    "username": "user65",
    "email": "user65@gmail.com",
    "is_active": true,
    "is_staff": false,
    "date_joined": "2026-04-17T08:10:23.579Z",
    "last_active": null,
    "groups": [],
    "user_permissions": []
  }
},
{
  "model": "user.user",
  "pk": 62,
  "fields": {
    "password": "pbkdf2_sha256$1200000$61pAGMOec3LXVExOzRYCxe$06o/5N+SkvQJ+nXvb1ApQ0Z5twdM03iVyPd0Q5L7ERw=",
    "last_login": null,
    "is_superuser": false,
    "username": "user66",
    "email": "user66@gmail.com",
    "is_active": true,
    "is_staff": false,
    "date_joined": "2026-04-17T08:10:23.853Z",
    "last_active": null,
    "groups": [],
    "user_permissions": []
  }
},
{
  "model": "user.user",
  "pk": 63,
  "fields": {
    "password": "pbkdf2_sha256$1200000$iJ6iNym6cRKR30hvTE9Dks$kEx9clWgkIYuPvcJN/IOwEQTSxKhUrSIxRkxW7aV4+I=",
    "last_login": null,
    "is_superuser": false,
    "username": "user67",
    "email": "user67@gmail.com",
    "is_active": true,
    "is_staff": false,
    "date_joined": "2026-04-17T08:10:24.123Z",
    "last_active": null,
    "groups": [],
    "user_permissions": []
  }
},
{
  "model": "user.user",
  "pk": 64,
  "fields": {
    "password": "pbkdf2_sha256$1200000$PXC18PMX7fFXdvsls14u41$NcBKMeq60Z2QDXnp9b2p5gkGntG498evNPKxLtOEBUo=",
    "last_login": null,
    "is_superuser": false,
    "username": "user68",
    "email": "user68@gmail.com",
    "is_active": true,
    "is_staff": false,
    "date_joined": "2026-04-17T08:10:24.404Z",
    "last_active": null,
    "groups": [],
    "user_permissions": []
  }
},
{
  "model": "user.user",
  "pk": 65,
  "fields": {
    "password": "pbkdf2_sha256$1200000$ZlFtKgKEm99L4Q7PIH5WVr$uJ+AV2mIoe1IWch5a0ku6KA0CdbAtaQYNKVb6dUasfA=",
    "last_login": null,
    "is_superuser": false,
    "username": "user69",
    "email": "user69@gmail.com",
    "is_active": true,
    "is_staff": false,
    "date_joined": "2026-04-17T08:10:24.674Z",
    "last_active": null,
    "groups": [],
    "user_permissions": []
  }
},
{
  "model": "user.user",
  "pk": 66,
  "fields": {
    "password": "pbkdf2_sha256$1200000$uJz0vbMekotfE8ZzMr6yKH$b5Ablj8A1NmvsmbrDW2zFDie8q+awPTBHbZVNx2Sp58=",
    "last_login": null,
    "is_superuser": false,
    "username": "user70",
    "email": "user70@gmail.com",
    "is_active": true,
    "is_staff": false,
    "date_joined": "2026-04-17T08:10:24.945Z",
    "last_active": null,
    "groups": [],
    "user_permissions": []
  }
},
{
  "model": "user.user",
  "pk": 67,
  "fields": {
    "password": "pbkdf2_sha256$1200000$uEcdtG107y5T3M5SRUYoNo$OiP0ijO39bA077vmJnjtgXt55G3HUHtEAPaR7rc9dbA=",
    "last_login": null,
    "is_superuser": false,
    "username": "user71",
    "email": "user71@gmail.com",
    "is_active": true,
    "is_staff": false,
    "date_joined": "2026-04-17T08:10:25.218Z",
    "last_active": null,
    "groups": [],
    "user_permissions": []
  }
},
{
  "model": "user.user",
  "pk": 68,
  "fields": {
    "password": "pbkdf2_sha256$1200000$oBqffXaozQdvwlenzTPUcY$Y3cVIEAqzA7YmvxuxJ6iLVPfvz8SPh9t+OLNb+vrhVI=",
    "last_login": null,
    "is_superuser": false,
    "username": "user72",
    "email": "user72@gmail.com",
    "is_active": true,
    "is_staff": false,
    "date_joined": "2026-04-17T08:10:25.499Z",
    "last_active": null,
    "groups": [],
    "user_permissions": []
  }
},
{
  "model": "user.user",
  "pk": 69,
  "fields": {
    "password": "pbkdf2_sha256$1200000$ErHjyY8BJMz90fvMCTUbhG$uGisw1M7Fty1DAlXdMcnMvO75pOAC9SXpxYy5aiT8As=",
    "last_login": null,
    "is_superuser": false,
    "username": "user73",
    "email": "user73@gmail.com",
    "is_active": true,
    "is_staff": false,
    "date_joined": "2026-04-17T08:10:25.777Z",
    "last_active": null,
    "groups": [],
    "user_permissions": []
  }
},
{
  "model": "user.user",
  "pk": 70,
  "fields": {
    "password": "pbkdf2_sha256$1200000$ZV2tEPO4ZejJyIQbATVkHl$gkWUrpOTPx6AZPcsbqmPkvXMRbmWclQgTl5C/3JXkpI=",
    "last_login": null,
    "is_superuser": false,
    "username": "user74",
    "email": "user74@gmail.com",
    "is_active": true,
    "is_staff": false,
    "date_joined": "2026-04-17T08:10:26.060Z",
    "last_active": null,
    "groups": [],
    "user_permissions": []
  }
},
{
  "model": "user.user",
  "pk": 71,
  "fields": {
    "password": "pbkdf2_sha256$1200000$FS8S6YtnNeBDqw4gmPDHmx$eeUScoxlj1/I0su7zzCqDAwgpSFtglgwD2oF7Yb+5P8=",
    "last_login": null,
    "is_superuser": false,
    "username": "user75",
    "email": "user75@gmail.com",
    "is_active": true,
    "is_staff": false,
    "date_joined": "2026-04-17T08:10:26.339Z",
    "last_active": null,
    "groups": [],
    "user_permissions": []
  }
},
{
  "model": "user.user",
  "pk": 72,
  "fields": {
    "password": "pbkdf2_sha256$1200000$u6yVnxd5WFjDyhI1pmniJg$+xOrPQ0AeSSst9Vjz1PNcjcl5I+AKun2yEyhIE32zHk=",
    "last_login": null,
    "is_superuser": false,
    "username": "user76",
    "email": "user76@gmail.com",
    "is_active": true,
    "is_staff": false,
    "date_joined": "2026-04-17T08:10:26.611Z",
    "last_active": null,
    "groups": [],
    "user_permissions": []
  }
},
{
  "model": "user.user",
  "pk": 73,
  "fields": {
    "password": "pbkdf2_sha256$1200000$75nmFq0O2Ur365gmuNdRbM$mxiQFTlrvti/CGyFJJqgvr0eEC1Hz2NOYW8Q8O1FaFM=",
    "last_login": null,
    "is_superuser": false,
    "username": "user77",
    "email": "user77@gmail.com",
    "is_active": true,
    "is_staff": false,
    "date_joined": "2026-04-17T08:10:26.889Z",
    "last_active": null,
    "groups": [],
    "user_permissions": []
  }
},
{
  "model": "user.user",
  "pk": 74,
  "fields": {
    "password": "pbkdf2_sha256$1200000$S2DnM7g8q5rTrAK55QwEEu$Kq3wY+UFjrOZtY3gPEQyR5Lxscml5xurqhUKocUAG0c=",
    "last_login": null,
    "is_superuser": false,
    "username": "user78",
    "email": "user78@gmail.com",
    "is_active": true,
    "is_staff": false,
    "date_joined": "2026-04-17T08:10:27.176Z",
    "last_active": null,
    "groups": [],
    "user_permissions": []
  }
},
{
  "model": "user.user",
  "pk": 75,
  "fields": {
    "password": "pbkdf2_sha256$1200000$VgggoxdpTcEXWXtGaDrrzy$OWAXPkxgB6I+c5NqCURpVcQ282gbS5sIPM4mYJ25mUE=",
    "last_login": null,
    "is_superuser": false,
    "username": "user79",
    "email": "user79@gmail.com",
    "is_active": true,
    "is_staff": false,
    "date_joined": "2026-04-17T08:10:27.496Z",
    "last_active": null,
    "groups": [],
    "user_permissions": []
  }
},
{
  "model": "user.info",
  "pk": 1,
  "fields": {
    "profile": 1,
    "birth_date": "2007-02-27",
    "height": "",
    "weight": "",
    "bio": "",
    "education": ""
  }
},
{
  "model": "user.info",
  "pk": 2,
  "fields": {
    "profile": 2,
    "birth_date": "2001-05-11",
    "height": "",
    "weight": "",
    "bio": "",
    "education": ""
  }
},
{
  "model": "user.info",
  "pk": 3,
  "fields": {
    "profile": 3,
    "birth_date": "2001-03-07",
    "height": "",
    "weight": "",
    "bio": "",
    "education": ""
  }
},
{
  "model": "user.info",
  "pk": 4,
  "fields": {
    "profile": 4,
    "birth_date": "2000-09-23",
    "height": "",
    "weight": "",
    "bio": "",
    "education": ""
  }
},
{
  "model": "user.info",
  "pk": 5,
  "fields": {
    "profile": 5,
    "birth_date": "2003-01-08",
    "height": "",
    "weight": "",
    "bio": "",
    "education": ""
  }
},
{
  "model": "user.info",
  "pk": 6,
  "fields": {
    "profile": 6,
    "birth_date": "2006-05-17",
    "height": "",
    "weight": "",
    "bio": "",
    "education": ""
  }
},
{
  "model": "user.info",
  "pk": 7,
  "fields": {
    "profile": 7,
    "birth_date": "2005-01-09",
    "height": "",
    "weight": "",
    "bio": "",
    "education": ""
  }
},
{
  "model": "user.info",
  "pk": 8,
  "fields": {
    "profile": 8,
    "birth_date": "2002-05-08",
    "height": "",
    "weight": "",
    "bio": "",
    "education": ""
  }
},
{
  "model": "user.info",
  "pk": 9,
  "fields": {
    "profile": 9,
    "birth_date": "2000-03-11",
    "height": "",
    "weight": "",
    "bio": "",
    "education": ""
  }
},
{
  "model": "user.info",
  "pk": 10,
  "fields": {
    "profile": 10,
    "birth_date": "2000-07-01",
    "height": "",
    "weight": "",
    "bio": "",
    "education": ""
  }
},
{
  "model": "user.info",
  "pk": 11,
  "fields": {
    "profile": 11,
    "birth_date": "2005-02-04",
    "height": "",
    "weight": "",
    "bio": "",
    "education": ""
  }
},
{
  "model": "user.info",
  "pk": 12,
  "fields": {
    "profile": 12,
    "birth_date": "2000-01-21",
    "height": "",
    "weight": "",
    "bio": "",
    "education": ""
  }
},
{
  "model": "user.info",
  "pk": 13,
  "fields": {
    "profile": 13,
    "birth_date": "2000-05-07",
    "height": "",
    "weight": "",
    "bio": "",
    "education": ""
  }
},
{
  "model": "user.info",
  "pk": 14,
  "fields": {
    "profile": 14,
    "birth_date": "2006-06-10",
    "height": "",
    "weight": "",
    "bio": "",
    "education": ""
  }
},
{
  "model": "user.info",
  "pk": 15,
  "fields": {
    "profile": 15,
    "birth_date": "2005-05-01",
    "height": "",
    "weight": "",
    "bio": "",
    "education": ""
  }
},
{
  "model": "user.info",
  "pk": 16,
  "fields": {
    "profile": 16,
    "birth_date": "2005-09-07",
    "height": "",
    "weight": "",
    "bio": "",
    "education": ""
  }
},
{
  "model": "user.info",
  "pk": 17,
  "fields": {
    "profile": 17,
    "birth_date": "2004-03-01",
    "height": "",
    "weight": "",
    "bio": "",
    "education": ""
  }
},
{
  "model": "user.info",
  "pk": 18,
  "fields": {
    "profile": 18,
    "birth_date": "2004-01-23",
    "height": "",
    "weight": "",
    "bio": "",
    "education": ""
  }
},
{
  "model": "user.info",
  "pk": 19,
  "fields": {
    "profile": 19,
    "birth_date": "2003-09-03",
    "height": "",
    "weight": "",
    "bio": "",
    "education": ""
  }
},
{
  "model": "user.info",
  "pk": 20,
  "fields": {
    "profile": 20,
    "birth_date": "2003-09-17",
    "height": "",
    "weight": "",
    "bio": "",
    "education": ""
  }
},
{
  "model": "user.info",
  "pk": 21,
  "fields": {
    "profile": 21,
    "birth_date": "2004-06-18",
    "height": "",
    "weight": "",
    "bio": "",
    "education": ""
  }
},
{
  "model": "user.info",
  "pk": 22,
  "fields": {
    "profile": 22,
    "birth_date": "2001-03-23",
    "height": "",
    "weight": "",
    "bio": "",
    "education": ""
  }
},
{
  "model": "user.info",
  "pk": 23,
  "fields": {
    "profile": 23,
    "birth_date": "2006-07-05",
    "height": "",
    "weight": "",
    "bio": "",
    "education": ""
  }
},
{
  "model": "user.info",
  "pk": 24,
  "fields": {
    "profile": 24,
    "birth_date": "2002-09-18",
    "height": "",
    "weight": "",
    "bio": "",
    "education": ""
  }
},
{
  "model": "user.info",
  "pk": 25,
  "fields": {
    "profile": 25,
    "birth_date": "2004-09-25",
    "height": "",
    "weight": "",
    "bio": "",
    "education": ""
  }
},
{
  "model": "user.info",
  "pk": 26,
  "fields": {
    "profile": 26,
    "birth_date": "2002-08-09",
    "height": "",
    "weight": "",
    "bio": "",
    "education": ""
  }
},
{
  "model": "user.info",
  "pk": 27,
  "fields": {
    "profile": 27,
    "birth_date": "2001-09-05",
    "height": "",
    "weight": "",
    "bio": "",
    "education": ""
  }
},
{
  "model": "user.info",
  "pk": 28,
  "fields": {
    "profile": 28,
    "birth_date": "2003-03-06",
    "height": "",
    "weight": "",
    "bio": "",
    "education": ""
  }
},
{
  "model": "user.info",
  "pk": 29,
  "fields": {
    "profile": 29,
    "birth_date": "2000-07-11",
    "height": "",
    "weight": "",
    "bio": "",
    "education": ""
  }
},
{
  "model": "user.info",
  "pk": 30,
  "fields": {
    "profile": 30,
    "birth_date": "2002-06-11",
    "height": "",
    "weight": "",
    "bio": "",
    "education": ""
  }
},
{
  "model": "user.info",
  "pk": 31,
  "fields": {
    "profile": 31,
    "birth_date": "2004-07-16",
    "height": "",
    "weight": "",
    "bio": "",
    "education": ""
  }
},
{
  "model": "user.info",
  "pk": 32,
  "fields": {
    "profile": 32,
    "birth_date": "2006-02-22",
    "height": "",
    "weight": "",
    "bio": "",
    "education": ""
  }
},
{
  "model": "user.info",
  "pk": 33,
  "fields": {
    "profile": 33,
    "birth_date": "2000-02-20",
    "height": "",
    "weight": "",
    "bio": "",
    "education": ""
  }
},
{
  "model": "user.info",
  "pk": 34,
  "fields": {
    "profile": 34,
    "birth_date": "2004-04-12",
    "height": "",
    "weight": "",
    "bio": "",
    "education": ""
  }
},
{
  "model": "user.info",
  "pk": 35,
  "fields": {
    "profile": 35,
    "birth_date": "2001-04-14",
    "height": "",
    "weight": "",
    "bio": "",
    "education": ""
  }
},
{
  "model": "user.info",
  "pk": 36,
  "fields": {
    "profile": 36,
    "birth_date": "2002-03-17",
    "height": "",
    "weight": "",
    "bio": "",
    "education": ""
  }
},
{
  "model": "user.info",
  "pk": 37,
  "fields": {
    "profile": 37,
    "birth_date": "2001-09-22",
    "height": "",
    "weight": "",
    "bio": "",
    "education": ""
  }
},
{
  "model": "user.info",
  "pk": 38,
  "fields": {
    "profile": 38,
    "birth_date": "2003-02-03",
    "height": "",
    "weight": "",
    "bio": "",
    "education": ""
  }
},
{
  "model": "user.info",
  "pk": 39,
  "fields": {
    "profile": 39,
    "birth_date": "2003-09-18",
    "height": "",
    "weight": "",
    "bio": "",
    "education": ""
  }
},
{
  "model": "user.info",
  "pk": 40,
  "fields": {
    "profile": 40,
    "birth_date": "2005-06-11",
    "height": "",
    "weight": "",
    "bio": "",
    "education": ""
  }
},
{
  "model": "user.info",
  "pk": 41,
  "fields": {
    "profile": 41,
    "birth_date": "2003-06-01",
    "height": "",
    "weight": "",
    "bio": "",
    "education": ""
  }
},
{
  "model": "user.info",
  "pk": 42,
  "fields": {
    "profile": 42,
    "birth_date": "2005-09-01",
    "height": "",
    "weight": "",
    "bio": "",
    "education": ""
  }
},
{
  "model": "user.info",
  "pk": 43,
  "fields": {
    "profile": 43,
    "birth_date": "2004-04-25",
    "height": "",
    "weight": "",
    "bio": "",
    "education": ""
  }
},
{
  "model": "user.info",
  "pk": 44,
  "fields": {
    "profile": 44,
    "birth_date": "2005-07-04",
    "height": "",
    "weight": "",
    "bio": "",
    "education": ""
  }
},
{
  "model": "user.info",
  "pk": 45,
  "fields": {
    "profile": 45,
    "birth_date": "2005-09-15",
    "height": "",
    "weight": "",
    "bio": "",
    "education": ""
  }
},
{
  "model": "user.info",
  "pk": 46,
  "fields": {
    "profile": 46,
    "birth_date": "2001-04-14",
    "height": "",
    "weight": "",
    "bio": "",
    "education": ""
  }
},
{
  "model": "user.info",
  "pk": 47,
  "fields": {
    "profile": 47,
    "birth_date": "2004-06-22",
    "height": "",
    "weight": "",
    "bio": "",
    "education": ""
  }
},
{
  "model": "user.info",
  "pk": 48,
  "fields": {
    "profile": 48,
    "birth_date": "2001-05-16",
    "height": "",
    "weight": "",
    "bio": "",
    "education": ""
  }
},
{
  "model": "user.info",
  "pk": 49,
  "fields": {
    "profile": 49,
    "birth_date": "2006-06-07",
    "height": "",
    "weight": "",
    "bio": "",
    "education": ""
  }
},
{
  "model": "user.info",
  "pk": 50,
  "fields": {
    "profile": 50,
    "birth_date": "2003-04-09",
    "height": "",
    "weight": "",
    "bio": "",
    "education": ""
  }
},
{
  "model": "user.info",
  "pk": 51,
  "fields": {
    "profile": 51,
    "birth_date": "2005-08-14",
    "height": "",
    "weight": "",
    "bio": "",
    "education": ""
  }
},
{
  "model": "user.info",
  "pk": 52,
  "fields": {
    "profile": 52,
    "birth_date": "2002-04-10",
    "height": "",
    "weight": "",
    "bio": "",
    "education": ""
  }
},
{
  "model": "user.info",
  "pk": 53,
  "fields": {
    "profile": 53,
    "birth_date": "2005-03-12",
    "height": "",
    "weight": "",
    "bio": "",
    "education": ""
  }
},
{
  "model": "user.info",
  "pk": 54,
  "fields": {
    "profile": 54,
    "birth_date": "2001-03-24",
    "height": "",
    "weight": "",
    "bio": "",
    "education": ""
  }
},
{
  "model": "user.info",
  "pk": 55,
  "fields": {
    "profile": 55,
    "birth_date": "2001-03-10",
    "height": "",
    "weight": "",
    "bio": "",
    "education": ""
  }
},
{
  "model": "user.info",
  "pk": 56,
  "fields": {
    "profile": 56,
    "birth_date": "2000-04-01",
    "height": "",
    "weight": "",
    "bio": "",
    "education": ""
  }
},
{
  "model": "user.info",
  "pk": 57,
  "fields": {
    "profile": 57,
    "birth_date": "2003-01-10",
    "height": "",
    "weight": "",
    "bio": "",
    "education": ""
  }
},
{
  "model": "user.info",
  "pk": 58,
  "fields": {
    "profile": 58,
    "birth_date": "2004-02-10",
    "height": "",
    "weight": "",
    "bio": "",
    "education": ""
  }
},
{
  "model": "user.info",
  "pk": 59,
  "fields": {
    "profile": 59,
    "birth_date": "2000-05-01",
    "height": "",
    "weight": "",
    "bio": "",
    "education": ""
  }
},
{
  "model": "user.info",
  "pk": 60,
  "fields": {
    "profile": 60,
    "birth_date": "2000-03-15",
    "height": "",
    "weight": "",
    "bio": "",
    "education": ""
  }
},
{
  "model": "user.info",
  "pk": 61,
  "fields": {
    "profile": 61,
    "birth_date": "2000-04-15",
    "height": "",
    "weight": "",
    "bio": "",
    "education": ""
  }
},
{
  "model": "user.info",
  "pk": 62,
  "fields": {
    "profile": 62,
    "birth_date": "2001-08-03",
    "height": "",
    "weight": "",
    "bio": "",
    "education": ""
  }
},
{
  "model": "user.info",
  "pk": 63,
  "fields": {
    "profile": 63,
    "birth_date": "2005-02-15",
    "height": "",
    "weight": "",
    "bio": "",
    "education": ""
  }
},
{
  "model": "user.info",
  "pk": 64,
  "fields": {
    "profile": 64,
    "birth_date": "2003-08-09",
    "height": "",
    "weight": "",
    "bio": "",
    "education": ""
  }
},
{
  "model": "user.info",
  "pk": 65,
  "fields": {
    "profile": 65,
    "birth_date": "2005-02-19",
    "height": "",
    "weight": "",
    "bio": "",
    "education": ""
  }
},
{
  "model": "user.info",
  "pk": 66,
  "fields": {
    "profile": 66,
    "birth_date": "2003-08-17",
    "height": "",
    "weight": "",
    "bio": "",
    "education": ""
  }
},
{
  "model": "user.info",
  "pk": 67,
  "fields": {
    "profile": 67,
    "birth_date": "2001-03-21",
    "height": "",
    "weight": "",
    "bio": "",
    "education": ""
  }
},
{
  "model": "user.info",
  "pk": 68,
  "fields": {
    "profile": 68,
    "birth_date": "2002-06-24",
    "height": "",
    "weight": "",
    "bio": "",
    "education": ""
  }
},
{
  "model": "user.info",
  "pk": 69,
  "fields": {
    "profile": 69,
    "birth_date": "2006-03-15",
    "height": "",
    "weight": "",
    "bio": "",
    "education": ""
  }
},
{
  "model": "user.info",
  "pk": 70,
  "fields": {
    "profile": 70,
    "birth_date": "2006-04-17",
    "height": "",
    "weight": "",
    "bio": "",
    "education": ""
  }
},
{
  "model": "user.info",
  "pk": 71,
  "fields": {
    "profile": 71,
    "birth_date": "2006-09-17",
    "height": "",
    "weight": "",
    "bio": "",
    "education": ""
  }
},
{
  "model": "user.info",
  "pk": 72,
  "fields": {
    "profile": 72,
    "birth_date": "2005-04-22",
    "height": "",
    "weight": "",
    "bio": "",
    "education": ""
  }
},
{
  "model": "user.info",
  "pk": 73,
  "fields": {
    "profile": 73,
    "birth_date": "2004-09-04",
    "height": "",
    "weight": "",
    "bio": "",
    "education": ""
  }
},
{
  "model": "user.info",
  "pk": 74,
  "fields": {
    "profile": 74,
    "birth_date": "2003-04-18",
    "height": "",
    "weight": "",
    "bio": "",
    "education": ""
  }
},
{
  "model": "user.gender",
  "pk": 1,
  "fields": {
    "name": "male"
  }
},
{
  "model": "user.gender",
  "pk": 2,
  "fields": {
    "name": "female"
  }
},
{
  "model": "user.photo",
  "pk": 1,
  "fields": {
    "profile": 1,
    "photo": "users/user_1/photos/photo_2026-04-10_19-58-56.jpg"
  }
},
{
  "model": "user.photo",
  "pk": 2,
  "fields": {
    "profile": 1,
    "photo": "users/user_1/photos/photo_2026-04-10_19-58-53.jpg"
  }
},
{
  "model": "user.photo",
  "pk": 3,
  "fields": {
    "profile": 2,
    "photo": "users/user_2/photos/image7_1.png"
  }
},
{
  "model": "user.photo",
  "pk": 4,
  "fields": {
    "profile": 2,
    "photo": "users/user_2/photos/image7_2.jpeg"
  }
},
{
  "model": "user.photo",
  "pk": 5,
  "fields": {
    "profile": 3,
    "photo": "users/user_3/photos/image8_1.webp"
  }
},
{
  "model": "user.photo",
  "pk": 6,
  "fields": {
    "profile": 3,
    "photo": "users/user_3/photos/image8_2.jpg"
  }
},
{
  "model": "user.photo",
  "pk": 7,
  "fields": {
    "profile": 4,
    "photo": "users/user_4/photos/image9_1.jpg"
  }
},
{
  "model": "user.photo",
  "pk": 8,
  "fields": {
    "profile": 4,
    "photo": "users/user_4/photos/image9_2.jpg"
  }
},
{
  "model": "user.photo",
  "pk": 9,
  "fields": {
    "profile": 5,
    "photo": "users/user_5/photos/image10_1.webp"
  }
},
{
  "model": "user.photo",
  "pk": 10,
  "fields": {
    "profile": 5,
    "photo": "users/user_5/photos/image10_2.png"
  }
},
{
  "model": "user.photo",
  "pk": 11,
  "fields": {
    "profile": 6,
    "photo": "users/user_6/photos/image11_1.webp"
  }
},
{
  "model": "user.photo",
  "pk": 12,
  "fields": {
    "profile": 6,
    "photo": "users/user_6/photos/image11_2.jpg"
  }
},
{
  "model": "user.photo",
  "pk": 13,
  "fields": {
    "profile": 7,
    "photo": "users/user_7/photos/image12_1.jpg"
  }
},
{
  "model": "user.photo",
  "pk": 14,
  "fields": {
    "profile": 7,
    "photo": "users/user_7/photos/image12_2.webp"
  }
},
{
  "model": "user.photo",
  "pk": 15,
  "fields": {
    "profile": 8,
    "photo": "users/user_8/photos/image13_1.webp"
  }
},
{
  "model": "user.photo",
  "pk": 16,
  "fields": {
    "profile": 8,
    "photo": "users/user_8/photos/image13_2.avif"
  }
},
{
  "model": "user.photo",
  "pk": 17,
  "fields": {
    "profile": 9,
    "photo": "users/user_9/photos/image14_1.jpg"
  }
},
{
  "model": "user.photo",
  "pk": 18,
  "fields": {
    "profile": 9,
    "photo": "users/user_9/photos/image14_2.webp"
  }
},
{
  "model": "user.photo",
  "pk": 19,
  "fields": {
    "profile": 10,
    "photo": "users/user_10/photos/image15_1.avif"
  }
},
{
  "model": "user.photo",
  "pk": 20,
  "fields": {
    "profile": 10,
    "photo": "users/user_10/photos/image15_2.webp"
  }
},
{
  "model": "user.photo",
  "pk": 21,
  "fields": {
    "profile": 11,
    "photo": "users/user_11/photos/image16_1.jpg"
  }
},
{
  "model": "user.photo",
  "pk": 22,
  "fields": {
    "profile": 11,
    "photo": "users/user_11/photos/image16_2.jpg"
  }
},
{
  "model": "user.photo",
  "pk": 23,
  "fields": {
    "profile": 12,
    "photo": "users/user_12/photos/image17_1.jpg"
  }
},
{
  "model": "user.photo",
  "pk": 24,
  "fields": {
    "profile": 12,
    "photo": "users/user_12/photos/image17_2.jpg"
  }
},
{
  "model": "user.photo",
  "pk": 25,
  "fields": {
    "profile": 13,
    "photo": "users/user_13/photos/image18_1.jpg"
  }
},
{
  "model": "user.photo",
  "pk": 26,
  "fields": {
    "profile": 13,
    "photo": "users/user_13/photos/image18_2.jpg"
  }
},
{
  "model": "user.photo",
  "pk": 27,
  "fields": {
    "profile": 14,
    "photo": "users/user_14/photos/image19_1.jpg"
  }
},
{
  "model": "user.photo",
  "pk": 28,
  "fields": {
    "profile": 14,
    "photo": "users/user_14/photos/image19_2.jpg"
  }
},
{
  "model": "user.photo",
  "pk": 29,
  "fields": {
    "profile": 15,
    "photo": "users/user_15/photos/image20_1.jpg"
  }
},
{
  "model": "user.photo",
  "pk": 30,
  "fields": {
    "profile": 15,
    "photo": "users/user_15/photos/image20_2.png"
  }
},
{
  "model": "user.photo",
  "pk": 31,
  "fields": {
    "profile": 16,
    "photo": "users/user_16/photos/image21_1.webp"
  }
},
{
  "model": "user.photo",
  "pk": 32,
  "fields": {
    "profile": 16,
    "photo": "users/user_16/photos/image21_2.jpg"
  }
},
{
  "model": "user.photo",
  "pk": 33,
  "fields": {
    "profile": 17,
    "photo": "users/user_17/photos/image22_1.jpg"
  }
},
{
  "model": "user.photo",
  "pk": 34,
  "fields": {
    "profile": 17,
    "photo": "users/user_17/photos/image22_2.avif"
  }
},
{
  "model": "user.photo",
  "pk": 35,
  "fields": {
    "profile": 18,
    "photo": "users/user_18/photos/image23_1.jpg"
  }
},
{
  "model": "user.photo",
  "pk": 36,
  "fields": {
    "profile": 18,
    "photo": "users/user_18/photos/image23_2.jpg"
  }
},
{
  "model": "user.photo",
  "pk": 37,
  "fields": {
    "profile": 19,
    "photo": "users/user_19/photos/image24_1.jpg"
  }
},
{
  "model": "user.photo",
  "pk": 38,
  "fields": {
    "profile": 19,
    "photo": "users/user_19/photos/image24_2.jpeg"
  }
},
{
  "model": "user.photo",
  "pk": 39,
  "fields": {
    "profile": 20,
    "photo": "users/user_20/photos/image25_1.jpeg"
  }
},
{
  "model": "user.photo",
  "pk": 40,
  "fields": {
    "profile": 20,
    "photo": "users/user_20/photos/image25_2.jpg"
  }
},
{
  "model": "user.photo",
  "pk": 41,
  "fields": {
    "profile": 21,
    "photo": "users/user_21/photos/image26_1.webp"
  }
},
{
  "model": "user.photo",
  "pk": 42,
  "fields": {
    "profile": 21,
    "photo": "users/user_21/photos/image26_2.jpg"
  }
},
{
  "model": "user.photo",
  "pk": 43,
  "fields": {
    "profile": 22,
    "photo": "users/user_22/photos/image27_1.jpg"
  }
},
{
  "model": "user.photo",
  "pk": 44,
  "fields": {
    "profile": 22,
    "photo": "users/user_22/photos/image27_2.jpeg"
  }
},
{
  "model": "user.photo",
  "pk": 45,
  "fields": {
    "profile": 23,
    "photo": "users/user_23/photos/image28_1.jpg"
  }
},
{
  "model": "user.photo",
  "pk": 46,
  "fields": {
    "profile": 23,
    "photo": "users/user_23/photos/image28_2.jpg"
  }
},
{
  "model": "user.photo",
  "pk": 47,
  "fields": {
    "profile": 24,
    "photo": "users/user_24/photos/image29_1.jpg"
  }
},
{
  "model": "user.photo",
  "pk": 48,
  "fields": {
    "profile": 24,
    "photo": "users/user_24/photos/image29_2.jpg"
  }
},
{
  "model": "user.photo",
  "pk": 49,
  "fields": {
    "profile": 25,
    "photo": "users/user_25/photos/image30_1.webp"
  }
},
{
  "model": "user.photo",
  "pk": 50,
  "fields": {
    "profile": 25,
    "photo": "users/user_25/photos/image30_2.jpg"
  }
},
{
  "model": "user.photo",
  "pk": 51,
  "fields": {
    "profile": 26,
    "photo": "users/user_26/photos/image31_1.png"
  }
},
{
  "model": "user.photo",
  "pk": 52,
  "fields": {
    "profile": 26,
    "photo": "users/user_26/photos/image31_2.jpg"
  }
},
{
  "model": "user.photo",
  "pk": 53,
  "fields": {
    "profile": 27,
    "photo": "users/user_27/photos/image32_1.jpg"
  }
},
{
  "model": "user.photo",
  "pk": 54,
  "fields": {
    "profile": 27,
    "photo": "users/user_27/photos/image32_2.jpg"
  }
},
{
  "model": "user.photo",
  "pk": 55,
  "fields": {
    "profile": 28,
    "photo": "users/user_28/photos/image33_1.webp"
  }
},
{
  "model": "user.photo",
  "pk": 56,
  "fields": {
    "profile": 28,
    "photo": "users/user_28/photos/image33_2.jpg"
  }
},
{
  "model": "user.photo",
  "pk": 57,
  "fields": {
    "profile": 29,
    "photo": "users/user_29/photos/image34_1.jpg"
  }
},
{
  "model": "user.photo",
  "pk": 58,
  "fields": {
    "profile": 29,
    "photo": "users/user_29/photos/image34_2.webp"
  }
},
{
  "model": "user.photo",
  "pk": 59,
  "fields": {
    "profile": 30,
    "photo": "users/user_30/photos/image35_1.jpg"
  }
},
{
  "model": "user.photo",
  "pk": 60,
  "fields": {
    "profile": 30,
    "photo": "users/user_30/photos/image35_2.webp"
  }
},
{
  "model": "user.photo",
  "pk": 61,
  "fields": {
    "profile": 31,
    "photo": "users/user_31/photos/image36_1.jpg"
  }
},
{
  "model": "user.photo",
  "pk": 62,
  "fields": {
    "profile": 31,
    "photo": "users/user_31/photos/image36_2.jpg"
  }
},
{
  "model": "user.photo",
  "pk": 63,
  "fields": {
    "profile": 32,
    "photo": "users/user_32/photos/image37_1.jpg"
  }
},
{
  "model": "user.photo",
  "pk": 64,
  "fields": {
    "profile": 32,
    "photo": "users/user_32/photos/image37_2.webp"
  }
},
{
  "model": "user.photo",
  "pk": 65,
  "fields": {
    "profile": 33,
    "photo": "users/user_33/photos/image38_1.jpeg"
  }
},
{
  "model": "user.photo",
  "pk": 66,
  "fields": {
    "profile": 33,
    "photo": "users/user_33/photos/image38_2.webp"
  }
},
{
  "model": "user.photo",
  "pk": 67,
  "fields": {
    "profile": 34,
    "photo": "users/user_34/photos/image39_1.avif"
  }
},
{
  "model": "user.photo",
  "pk": 68,
  "fields": {
    "profile": 34,
    "photo": "users/user_34/photos/image39_2.jpg"
  }
},
{
  "model": "user.photo",
  "pk": 69,
  "fields": {
    "profile": 35,
    "photo": "users/user_35/photos/image40_1.jpg"
  }
},
{
  "model": "user.photo",
  "pk": 70,
  "fields": {
    "profile": 35,
    "photo": "users/user_35/photos/image40_2.webp"
  }
},
{
  "model": "user.photo",
  "pk": 71,
  "fields": {
    "profile": 36,
    "photo": "users/user_36/photos/image41_1.jpg"
  }
},
{
  "model": "user.photo",
  "pk": 72,
  "fields": {
    "profile": 36,
    "photo": "users/user_36/photos/image41_2.jpg"
  }
},
{
  "model": "user.photo",
  "pk": 73,
  "fields": {
    "profile": 37,
    "photo": "users/user_37/photos/image42_1.jpg"
  }
},
{
  "model": "user.photo",
  "pk": 74,
  "fields": {
    "profile": 37,
    "photo": "users/user_37/photos/image42_2.jpg"
  }
},
{
  "model": "user.photo",
  "pk": 75,
  "fields": {
    "profile": 38,
    "photo": "users/user_38/photos/image43_1.png"
  }
},
{
  "model": "user.photo",
  "pk": 76,
  "fields": {
    "profile": 38,
    "photo": "users/user_38/photos/image43_2.jpg"
  }
},
{
  "model": "user.photo",
  "pk": 77,
  "fields": {
    "profile": 39,
    "photo": "users/user_39/photos/image44_1.jpg"
  }
},
{
  "model": "user.photo",
  "pk": 78,
  "fields": {
    "profile": 39,
    "photo": "users/user_39/photos/image44_2.webp"
  }
},
{
  "model": "user.photo",
  "pk": 79,
  "fields": {
    "profile": 40,
    "photo": "users/user_40/photos/image45_1.png"
  }
},
{
  "model": "user.photo",
  "pk": 80,
  "fields": {
    "profile": 40,
    "photo": "users/user_40/photos/image45_2.webp"
  }
},
{
  "model": "user.photo",
  "pk": 81,
  "fields": {
    "profile": 41,
    "photo": "users/user_41/photos/image46_1.jpg"
  }
},
{
  "model": "user.photo",
  "pk": 82,
  "fields": {
    "profile": 41,
    "photo": "users/user_41/photos/image46_2.webp"
  }
},
{
  "model": "user.photo",
  "pk": 83,
  "fields": {
    "profile": 42,
    "photo": "users/user_42/photos/image47_1.jpg"
  }
},
{
  "model": "user.photo",
  "pk": 84,
  "fields": {
    "profile": 42,
    "photo": "users/user_42/photos/image47_2.png"
  }
},
{
  "model": "user.photo",
  "pk": 85,
  "fields": {
    "profile": 43,
    "photo": "users/user_43/photos/image48_1.png"
  }
},
{
  "model": "user.photo",
  "pk": 86,
  "fields": {
    "profile": 43,
    "photo": "users/user_43/photos/image48_2.avif"
  }
},
{
  "model": "user.photo",
  "pk": 87,
  "fields": {
    "profile": 44,
    "photo": "users/user_44/photos/image49_1.avif"
  }
},
{
  "model": "user.photo",
  "pk": 88,
  "fields": {
    "profile": 44,
    "photo": "users/user_44/photos/image49_2.jpg"
  }
},
{
  "model": "user.photo",
  "pk": 89,
  "fields": {
    "profile": 45,
    "photo": "users/user_45/photos/image50_1.jpg"
  }
},
{
  "model": "user.photo",
  "pk": 90,
  "fields": {
    "profile": 45,
    "photo": "users/user_45/photos/image50_2.jpg"
  }
},
{
  "model": "user.photo",
  "pk": 91,
  "fields": {
    "profile": 46,
    "photo": "users/user_46/photos/image51_1.jpg"
  }
},
{
  "model": "user.photo",
  "pk": 92,
  "fields": {
    "profile": 46,
    "photo": "users/user_46/photos/image51_2.jpg"
  }
},
{
  "model": "user.photo",
  "pk": 93,
  "fields": {
    "profile": 47,
    "photo": "users/user_47/photos/image52_1.avif"
  }
},
{
  "model": "user.photo",
  "pk": 94,
  "fields": {
    "profile": 47,
    "photo": "users/user_47/photos/image52_2.jpg"
  }
},
{
  "model": "user.photo",
  "pk": 95,
  "fields": {
    "profile": 48,
    "photo": "users/user_48/photos/image53_1.jpg"
  }
},
{
  "model": "user.photo",
  "pk": 96,
  "fields": {
    "profile": 48,
    "photo": "users/user_48/photos/image53_2.jpeg"
  }
},
{
  "model": "user.photo",
  "pk": 97,
  "fields": {
    "profile": 49,
    "photo": "users/user_49/photos/image54_1.png"
  }
},
{
  "model": "user.photo",
  "pk": 98,
  "fields": {
    "profile": 49,
    "photo": "users/user_49/photos/image54_2.avif"
  }
},
{
  "model": "user.photo",
  "pk": 99,
  "fields": {
    "profile": 50,
    "photo": "users/user_50/photos/image55_1.jpg"
  }
},
{
  "model": "user.photo",
  "pk": 100,
  "fields": {
    "profile": 50,
    "photo": "users/user_50/photos/image55_2.jpg"
  }
},
{
  "model": "user.photo",
  "pk": 101,
  "fields": {
    "profile": 51,
    "photo": "users/user_51/photos/image56_1.avif"
  }
},
{
  "model": "user.photo",
  "pk": 102,
  "fields": {
    "profile": 51,
    "photo": "users/user_51/photos/image56_2.avif"
  }
},
{
  "model": "user.photo",
  "pk": 103,
  "fields": {
    "profile": 52,
    "photo": "users/user_52/photos/image57_1.jpeg"
  }
},
{
  "model": "user.photo",
  "pk": 104,
  "fields": {
    "profile": 52,
    "photo": "users/user_52/photos/image57_2.webp"
  }
},
{
  "model": "user.photo",
  "pk": 105,
  "fields": {
    "profile": 53,
    "photo": "users/user_53/photos/image58_1.avif"
  }
},
{
  "model": "user.photo",
  "pk": 106,
  "fields": {
    "profile": 53,
    "photo": "users/user_53/photos/image58_2.jpg"
  }
},
{
  "model": "user.photo",
  "pk": 107,
  "fields": {
    "profile": 54,
    "photo": "users/user_54/photos/image59_1.jpeg"
  }
},
{
  "model": "user.photo",
  "pk": 108,
  "fields": {
    "profile": 54,
    "photo": "users/user_54/photos/image59_2.avif"
  }
},
{
  "model": "user.photo",
  "pk": 109,
  "fields": {
    "profile": 55,
    "photo": "users/user_55/photos/image60_1.jpeg"
  }
},
{
  "model": "user.photo",
  "pk": 110,
  "fields": {
    "profile": 55,
    "photo": "users/user_55/photos/image60_2.avif"
  }
},
{
  "model": "user.photo",
  "pk": 111,
  "fields": {
    "profile": 56,
    "photo": "users/user_56/photos/image61_1.jpg"
  }
},
{
  "model": "user.photo",
  "pk": 112,
  "fields": {
    "profile": 56,
    "photo": "users/user_56/photos/image61_2.jpeg"
  }
},
{
  "model": "user.photo",
  "pk": 113,
  "fields": {
    "profile": 57,
    "photo": "users/user_57/photos/image62_1.jpg"
  }
},
{
  "model": "user.photo",
  "pk": 114,
  "fields": {
    "profile": 57,
    "photo": "users/user_57/photos/image62_2.jpg"
  }
},
{
  "model": "user.photo",
  "pk": 115,
  "fields": {
    "profile": 58,
    "photo": "users/user_58/photos/image63_1.webp"
  }
},
{
  "model": "user.photo",
  "pk": 116,
  "fields": {
    "profile": 58,
    "photo": "users/user_58/photos/image63_2.jpg"
  }
},
{
  "model": "user.photo",
  "pk": 117,
  "fields": {
    "profile": 59,
    "photo": "users/user_59/photos/image64_1.jpg"
  }
},
{
  "model": "user.photo",
  "pk": 118,
  "fields": {
    "profile": 59,
    "photo": "users/user_59/photos/image64_2.jpg"
  }
},
{
  "model": "user.photo",
  "pk": 119,
  "fields": {
    "profile": 60,
    "photo": "users/user_60/photos/image65_1.jpg"
  }
},
{
  "model": "user.photo",
  "pk": 120,
  "fields": {
    "profile": 60,
    "photo": "users/user_60/photos/image65_2.jpg"
  }
},
{
  "model": "user.photo",
  "pk": 121,
  "fields": {
    "profile": 61,
    "photo": "users/user_61/photos/image66_1.png"
  }
},
{
  "model": "user.photo",
  "pk": 122,
  "fields": {
    "profile": 61,
    "photo": "users/user_61/photos/image66_2.webp"
  }
},
{
  "model": "user.photo",
  "pk": 123,
  "fields": {
    "profile": 62,
    "photo": "users/user_62/photos/image67_1.avif"
  }
},
{
  "model": "user.photo",
  "pk": 124,
  "fields": {
    "profile": 62,
    "photo": "users/user_62/photos/image67_2.jpg"
  }
},
{
  "model": "user.photo",
  "pk": 125,
  "fields": {
    "profile": 63,
    "photo": "users/user_63/photos/image68_1.webp"
  }
},
{
  "model": "user.photo",
  "pk": 126,
  "fields": {
    "profile": 63,
    "photo": "users/user_63/photos/image68_2.jpg"
  }
},
{
  "model": "user.photo",
  "pk": 127,
  "fields": {
    "profile": 64,
    "photo": "users/user_64/photos/image69_1.jpg"
  }
},
{
  "model": "user.photo",
  "pk": 128,
  "fields": {
    "profile": 64,
    "photo": "users/user_64/photos/image69_2.jpeg"
  }
},
{
  "model": "user.photo",
  "pk": 129,
  "fields": {
    "profile": 65,
    "photo": "users/user_65/photos/image70_1.jpg"
  }
},
{
  "model": "user.photo",
  "pk": 130,
  "fields": {
    "profile": 65,
    "photo": "users/user_65/photos/image70_2.avif"
  }
},
{
  "model": "user.photo",
  "pk": 131,
  "fields": {
    "profile": 66,
    "photo": "users/user_66/photos/image71_1.jpg"
  }
},
{
  "model": "user.photo",
  "pk": 132,
  "fields": {
    "profile": 66,
    "photo": "users/user_66/photos/image71_2.jpg"
  }
},
{
  "model": "user.photo",
  "pk": 133,
  "fields": {
    "profile": 67,
    "photo": "users/user_67/photos/image72_1.jpg"
  }
},
{
  "model": "user.photo",
  "pk": 134,
  "fields": {
    "profile": 67,
    "photo": "users/user_67/photos/image72_2.jpg"
  }
},
{
  "model": "user.photo",
  "pk": 135,
  "fields": {
    "profile": 68,
    "photo": "users/user_68/photos/image73_1.jpg"
  }
},
{
  "model": "user.photo",
  "pk": 136,
  "fields": {
    "profile": 68,
    "photo": "users/user_68/photos/image73_2.jpg"
  }
},
{
  "model": "user.photo",
  "pk": 137,
  "fields": {
    "profile": 69,
    "photo": "users/user_69/photos/image74_1.jpg"
  }
},
{
  "model": "user.photo",
  "pk": 138,
  "fields": {
    "profile": 69,
    "photo": "users/user_69/photos/image74_2.webp"
  }
},
{
  "model": "user.photo",
  "pk": 139,
  "fields": {
    "profile": 70,
    "photo": "users/user_70/photos/image75_1.jpg"
  }
},
{
  "model": "user.photo",
  "pk": 140,
  "fields": {
    "profile": 70,
    "photo": "users/user_70/photos/image75_2.avif"
  }
},
{
  "model": "user.photo",
  "pk": 141,
  "fields": {
    "profile": 71,
    "photo": "users/user_71/photos/image76_1.avif"
  }
},
{
  "model": "user.photo",
  "pk": 142,
  "fields": {
    "profile": 71,
    "photo": "users/user_71/photos/image76_2.jpg"
  }
},
{
  "model": "user.photo",
  "pk": 143,
  "fields": {
    "profile": 72,
    "photo": "users/user_72/photos/image77_1.jpg"
  }
},
{
  "model": "user.photo",
  "pk": 144,
  "fields": {
    "profile": 72,
    "photo": "users/user_72/photos/image77_2.png"
  }
},
{
  "model": "user.photo",
  "pk": 145,
  "fields": {
    "profile": 73,
    "photo": "users/user_73/photos/image78_1.jpg"
  }
},
{
  "model": "user.photo",
  "pk": 146,
  "fields": {
    "profile": 73,
    "photo": "users/user_73/photos/image78_2.png"
  }
},
{
  "model": "user.photo",
  "pk": 147,
  "fields": {
    "profile": 74,
    "photo": "users/user_74/photos/image79_1.jpg"
  }
},
{
  "model": "user.photo",
  "pk": 148,
  "fields": {
    "profile": 74,
    "photo": "users/user_74/photos/image79_2.jpg"
  }
},
{
  "model": "user.interest",
  "pk": 1,
  "fields": {
    "name": "Travel"
  }
},
{
  "model": "user.interest",
  "pk": 2,
  "fields": {
    "name": "Fitness"
  }
},
{
  "model": "user.interest",
  "pk": 3,
  "fields": {
    "name": "Music"
  }
},
{
  "model": "user.interest",
  "pk": 4,
  "fields": {
    "name": "Movies"
  }
},
{
  "model": "user.interest",
  "pk": 5,
  "fields": {
    "name": "Gaming"
  }
},
{
  "model": "user.interest",
  "pk": 6,
  "fields": {
    "name": "Cooking"
  }
},
{
  "model": "user.interest",
  "pk": 7,
  "fields": {
    "name": "Reading"
  }
},
{
  "model": "user.interest",
  "pk": 8,
  "fields": {
    "name": "Photography"
  }
},
{
  "model": "user.interest",
  "pk": 9,
  "fields": {
    "name": "Hiking"
  }
},
{
  "model": "user.interest",
  "pk": 10,
  "fields": {
    "name": "Art"
  }
},
{
  "model": "user.interest",
  "pk": 11,
  "fields": {
    "name": "Dancing"
  }
},
{
  "model": "user.interest",
  "pk": 12,
  "fields": {
    "name": "Technology"
  }
},
{
  "model": "user.interest",
  "pk": 13,
  "fields": {
    "name": "Pets"
  }
},
{
  "model": "user.interest",
  "pk": 14,
  "fields": {
    "name": "Fashion"
  }
},
{
  "model": "user.interest",
  "pk": 15,
  "fields": {
    "name": "Coffee"
  }
},
{
  "model": "user.relationshipintention",
  "pk": 1,
  "fields": {
    "name": "Long-term relationship"
  }
},
{
  "model": "user.relationshipintention",
  "pk": 2,
  "fields": {
    "name": "Short-term dating"
  }
},
{
  "model": "user.relationshipintention",
  "pk": 3,
  "fields": {
    "name": "New friends"
  }
},
{
  "model": "user.relationshipintention",
  "pk": 4,
  "fields": {
    "name": "Casual dating"
  }
},
{
  "model": "user.relationshipintention",
  "pk": 5,
  "fields": {
    "name": "Still figuring it out"
  }
},
{
  "model": "user.profile",
  "pk": 1,
  "fields": {
    "user": 2,
    "surname": "Bondarchuk",
    "first_name": "Volodymyr",
    "last_name": "Viacheslavovich",
    "gender": 1,
    "location": "SRID=4326;POINT (30.5234 50.4501)",
    "looking_for": 2,
    "intention": 1,
    "avatar": ""
  }
},
{
  "model": "user.profile",
  "pk": 2,
  "fields": {
    "user": 3,
    "surname": "Boiko",
    "first_name": "Anastasia",
    "last_name": "Volodymyrivna",
    "gender": 2,
    "location": "SRID=4326;POINT (28.2991 50.8788)",
    "looking_for": 1,
    "intention": 2,
    "avatar": ""
  }
},
{
  "model": "user.profile",
  "pk": 3,
  "fields": {
    "user": 4,
    "surname": "Shevchenko",
    "first_name": "Anna",
    "last_name": "Volodymyrivna",
    "gender": 2,
    "location": "SRID=4326;POINT (28.8355 50.6443)",
    "looking_for": 1,
    "intention": 2,
    "avatar": ""
  }
},
{
  "model": "user.profile",
  "pk": 4,
  "fields": {
    "user": 5,
    "surname": "Polishchuk",
    "first_name": "Anastasia",
    "last_name": "Maxymivna",
    "gender": 2,
    "location": "SRID=4326;POINT (28.4983 50.7257)",
    "looking_for": 1,
    "intention": 4,
    "avatar": ""
  }
},
{
  "model": "user.profile",
  "pk": 5,
  "fields": {
    "user": 6,
    "surname": "Boiko",
    "first_name": "Maria",
    "last_name": "Volodymyrivna",
    "gender": 2,
    "location": "SRID=4326;POINT (28.7907 50.7875)",
    "looking_for": 1,
    "intention": 4,
    "avatar": ""
  }
},
{
  "model": "user.profile",
  "pk": 6,
  "fields": {
    "user": 7,
    "surname": "Boiko",
    "first_name": "Sasha",
    "last_name": "Maxymivna",
    "gender": 2,
    "location": "SRID=4326;POINT (28.4111 50.8621)",
    "looking_for": 1,
    "intention": 4,
    "avatar": ""
  }
},
{
  "model": "user.profile",
  "pk": 7,
  "fields": {
    "user": 8,
    "surname": "Polishchuk",
    "first_name": "Liza",
    "last_name": "Volodymyrivna",
    "gender": 2,
    "location": "SRID=4326;POINT (28.8876 50.101)",
    "looking_for": 1,
    "intention": 4,
    "avatar": ""
  }
},
{
  "model": "user.profile",
  "pk": 8,
  "fields": {
    "user": 9,
    "surname": "Ivanenko",
    "first_name": "Natali",
    "last_name": "Volodymyrivna",
    "gender": 2,
    "location": "SRID=4326;POINT (28.8003 50.621)",
    "looking_for": 1,
    "intention": 3,
    "avatar": ""
  }
},
{
  "model": "user.profile",
  "pk": 9,
  "fields": {
    "user": 10,
    "surname": "Kovalenko",
    "first_name": "Sasha",
    "last_name": "Maxymivna",
    "gender": 2,
    "location": "SRID=4326;POINT (28.8284 50.8635)",
    "looking_for": 1,
    "intention": 4,
    "avatar": ""
  }
},
{
  "model": "user.profile",
  "pk": 10,
  "fields": {
    "user": 11,
    "surname": "Boiko",
    "first_name": "Natali",
    "last_name": "Volodymyrivna",
    "gender": 2,
    "location": "SRID=4326;POINT (28.6771 50.1457)",
    "looking_for": 1,
    "intention": 4,
    "avatar": ""
  }
},
{
  "model": "user.profile",
  "pk": 11,
  "fields": {
    "user": 12,
    "surname": "Shevchenko",
    "first_name": "Liza",
    "last_name": "Volodymyrivna",
    "gender": 2,
    "location": "SRID=4326;POINT (28.6076 50.5028)",
    "looking_for": 1,
    "intention": 2,
    "avatar": ""
  }
},
{
  "model": "user.profile",
  "pk": 12,
  "fields": {
    "user": 13,
    "surname": "Polishchuk",
    "first_name": "Maria",
    "last_name": "Maxymivna",
    "gender": 2,
    "location": "SRID=4326;POINT (28.9952 50.8664)",
    "looking_for": 1,
    "intention": 2,
    "avatar": ""
  }
},
{
  "model": "user.profile",
  "pk": 13,
  "fields": {
    "user": 14,
    "surname": "Polishchuk",
    "first_name": "Anastasia",
    "last_name": "Maxymivna",
    "gender": 2,
    "location": "SRID=4326;POINT (28.9873 50.932)",
    "looking_for": 1,
    "intention": 1,
    "avatar": ""
  }
},
{
  "model": "user.profile",
  "pk": 14,
  "fields": {
    "user": 15,
    "surname": "Shevchenko",
    "first_name": "Natali",
    "last_name": "Maxymivna",
    "gender": 2,
    "location": "SRID=4326;POINT (28.397 50.5662)",
    "looking_for": 1,
    "intention": 3,
    "avatar": ""
  }
},
{
  "model": "user.profile",
  "pk": 15,
  "fields": {
    "user": 16,
    "surname": "Polishchuk",
    "first_name": "Anna",
    "last_name": "Volodymyrivna",
    "gender": 2,
    "location": "SRID=4326;POINT (28.7956 50.72)",
    "looking_for": 1,
    "intention": 4,
    "avatar": ""
  }
},
{
  "model": "user.profile",
  "pk": 16,
  "fields": {
    "user": 17,
    "surname": "Kovalenko",
    "first_name": "Anna",
    "last_name": "Sergeivna",
    "gender": 2,
    "location": "SRID=4326;POINT (28.9924 50.3676)",
    "looking_for": 1,
    "intention": 4,
    "avatar": ""
  }
},
{
  "model": "user.profile",
  "pk": 17,
  "fields": {
    "user": 18,
    "surname": "Boiko",
    "first_name": "Maria",
    "last_name": "Sergeivna",
    "gender": 2,
    "location": "SRID=4326;POINT (28.722 50.5733)",
    "looking_for": 1,
    "intention": 1,
    "avatar": ""
  }
},
{
  "model": "user.profile",
  "pk": 18,
  "fields": {
    "user": 19,
    "surname": "Kovalenko",
    "first_name": "Natali",
    "last_name": "Maxymivna",
    "gender": 2,
    "location": "SRID=4326;POINT (28.4181 50.6565)",
    "looking_for": 1,
    "intention": 2,
    "avatar": ""
  }
},
{
  "model": "user.profile",
  "pk": 19,
  "fields": {
    "user": 20,
    "surname": "Kovalenko",
    "first_name": "Sasha",
    "last_name": "Volodymyrivna",
    "gender": 2,
    "location": "SRID=4326;POINT (28.9809 50.4043)",
    "looking_for": 1,
    "intention": 1,
    "avatar": ""
  }
},
{
  "model": "user.profile",
  "pk": 20,
  "fields": {
    "user": 21,
    "surname": "Polishchuk",
    "first_name": "Maria",
    "last_name": "Volodymyrivna",
    "gender": 2,
    "location": "SRID=4326;POINT (28.9764 50.9847)",
    "looking_for": 1,
    "intention": 1,
    "avatar": ""
  }
},
{
  "model": "user.profile",
  "pk": 21,
  "fields": {
    "user": 22,
    "surname": "Shevchenko",
    "first_name": "Maria",
    "last_name": "Volodymyrivna",
    "gender": 2,
    "location": "SRID=4326;POINT (28.96 50.8608)",
    "looking_for": 1,
    "intention": 1,
    "avatar": ""
  }
},
{
  "model": "user.profile",
  "pk": 22,
  "fields": {
    "user": 23,
    "surname": "Kovalenko",
    "first_name": "Anastasia",
    "last_name": "Sergeivna",
    "gender": 2,
    "location": "SRID=4326;POINT (28.1578 50.7176)",
    "looking_for": 1,
    "intention": 1,
    "avatar": ""
  }
},
{
  "model": "user.profile",
  "pk": 23,
  "fields": {
    "user": 24,
    "surname": "Ivanenko",
    "first_name": "Anna",
    "last_name": "Sergeivna",
    "gender": 2,
    "location": "SRID=4326;POINT (28.5311 50.3252)",
    "looking_for": 1,
    "intention": 3,
    "avatar": ""
  }
},
{
  "model": "user.profile",
  "pk": 24,
  "fields": {
    "user": 25,
    "surname": "Boiko",
    "first_name": "Anastasia",
    "last_name": "Maxymivna",
    "gender": 2,
    "location": "SRID=4326;POINT (28.2364 50.6511)",
    "looking_for": 1,
    "intention": 4,
    "avatar": ""
  }
},
{
  "model": "user.profile",
  "pk": 25,
  "fields": {
    "user": 26,
    "surname": "Polishchuk",
    "first_name": "Anastasia",
    "last_name": "Volodymyrivna",
    "gender": 2,
    "location": "SRID=4326;POINT (28.8634 50.408)",
    "looking_for": 1,
    "intention": 4,
    "avatar": ""
  }
},
{
  "model": "user.profile",
  "pk": 26,
  "fields": {
    "user": 27,
    "surname": "Boiko",
    "first_name": "Maria",
    "last_name": "Volodymyrivna",
    "gender": 2,
    "location": "SRID=4326;POINT (28.8168 50.7167)",
    "looking_for": 1,
    "intention": 3,
    "avatar": ""
  }
},
{
  "model": "user.profile",
  "pk": 27,
  "fields": {
    "user": 28,
    "surname": "Polishchuk",
    "first_name": "Liza",
    "last_name": "Sergeivna",
    "gender": 2,
    "location": "SRID=4326;POINT (28.3361 50.781)",
    "looking_for": 1,
    "intention": 2,
    "avatar": ""
  }
},
{
  "model": "user.profile",
  "pk": 28,
  "fields": {
    "user": 29,
    "surname": "Boiko",
    "first_name": "Anastasia",
    "last_name": "Maxymivna",
    "gender": 2,
    "location": "SRID=4326;POINT (28.3907 50.9973)",
    "looking_for": 1,
    "intention": 3,
    "avatar": ""
  }
},
{
  "model": "user.profile",
  "pk": 29,
  "fields": {
    "user": 30,
    "surname": "Ivanenko",
    "first_name": "Liza",
    "last_name": "Volodymyrivna",
    "gender": 2,
    "location": "SRID=4326;POINT (28.9852 50.8608)",
    "looking_for": 1,
    "intention": 4,
    "avatar": ""
  }
},
{
  "model": "user.profile",
  "pk": 30,
  "fields": {
    "user": 31,
    "surname": "Kovalenko",
    "first_name": "Natali",
    "last_name": "Sergeivna",
    "gender": 2,
    "location": "SRID=4326;POINT (28.9397 50.897)",
    "looking_for": 1,
    "intention": 3,
    "avatar": ""
  }
},
{
  "model": "user.profile",
  "pk": 31,
  "fields": {
    "user": 32,
    "surname": "Polishchuk",
    "first_name": "Liza",
    "last_name": "Maxymivna",
    "gender": 2,
    "location": "SRID=4326;POINT (28.6157 50.4146)",
    "looking_for": 1,
    "intention": 4,
    "avatar": ""
  }
},
{
  "model": "user.profile",
  "pk": 32,
  "fields": {
    "user": 33,
    "surname": "Shevchenko",
    "first_name": "Liza",
    "last_name": "Maxymivna",
    "gender": 2,
    "location": "SRID=4326;POINT (28.9774 50.2463)",
    "looking_for": 1,
    "intention": 1,
    "avatar": ""
  }
},
{
  "model": "user.profile",
  "pk": 33,
  "fields": {
    "user": 34,
    "surname": "Shevchenko",
    "first_name": "Anna",
    "last_name": "Volodymyrivna",
    "gender": 2,
    "location": "SRID=4326;POINT (28.388 50.1854)",
    "looking_for": 1,
    "intention": 3,
    "avatar": ""
  }
},
{
  "model": "user.profile",
  "pk": 34,
  "fields": {
    "user": 35,
    "surname": "Boiko",
    "first_name": "Sasha",
    "last_name": "Maxymivna",
    "gender": 2,
    "location": "SRID=4326;POINT (28.9858 50.3609)",
    "looking_for": 1,
    "intention": 2,
    "avatar": ""
  }
},
{
  "model": "user.profile",
  "pk": 35,
  "fields": {
    "user": 36,
    "surname": "Ivanenko",
    "first_name": "Anastasia",
    "last_name": "Maxymivna",
    "gender": 2,
    "location": "SRID=4326;POINT (28.7642 50.7369)",
    "looking_for": 1,
    "intention": 1,
    "avatar": ""
  }
},
{
  "model": "user.profile",
  "pk": 36,
  "fields": {
    "user": 37,
    "surname": "Boiko",
    "first_name": "Anastasia",
    "last_name": "Maxymivna",
    "gender": 2,
    "location": "SRID=4326;POINT (28.165 50.3613)",
    "looking_for": 1,
    "intention": 4,
    "avatar": ""
  }
},
{
  "model": "user.profile",
  "pk": 37,
  "fields": {
    "user": 38,
    "surname": "Kovalenko",
    "first_name": "Maria",
    "last_name": "Maxymivna",
    "gender": 2,
    "location": "SRID=4326;POINT (28.6038 50.2265)",
    "looking_for": 1,
    "intention": 2,
    "avatar": ""
  }
},
{
  "model": "user.profile",
  "pk": 38,
  "fields": {
    "user": 39,
    "surname": "Kovalenko",
    "first_name": "Anastasia",
    "last_name": "Volodymyrivna",
    "gender": 2,
    "location": "SRID=4326;POINT (28.4731 50.649)",
    "looking_for": 1,
    "intention": 1,
    "avatar": ""
  }
},
{
  "model": "user.profile",
  "pk": 39,
  "fields": {
    "user": 40,
    "surname": "Boiko",
    "first_name": "Natali",
    "last_name": "Sergeivna",
    "gender": 2,
    "location": "SRID=4326;POINT (28.1724 50.2875)",
    "looking_for": 1,
    "intention": 3,
    "avatar": ""
  }
},
{
  "model": "user.profile",
  "pk": 40,
  "fields": {
    "user": 41,
    "surname": "Polishchuk",
    "first_name": "Anna",
    "last_name": "Maxymivna",
    "gender": 2,
    "location": "SRID=4326;POINT (28.4165 50.5196)",
    "looking_for": 1,
    "intention": 1,
    "avatar": ""
  }
},
{
  "model": "user.profile",
  "pk": 41,
  "fields": {
    "user": 42,
    "surname": "Boiko",
    "first_name": "Anna",
    "last_name": "Sergeivna",
    "gender": 2,
    "location": "SRID=4326;POINT (28.5553 50.135)",
    "looking_for": 1,
    "intention": 4,
    "avatar": ""
  }
},
{
  "model": "user.profile",
  "pk": 42,
  "fields": {
    "user": 43,
    "surname": "Kovalenko",
    "first_name": "Liza",
    "last_name": "Volodymyrivna",
    "gender": 2,
    "location": "SRID=4326;POINT (28.697 50.2163)",
    "looking_for": 1,
    "intention": 2,
    "avatar": ""
  }
},
{
  "model": "user.profile",
  "pk": 43,
  "fields": {
    "user": 44,
    "surname": "Ivanenko",
    "first_name": "Maria",
    "last_name": "Sergeivna",
    "gender": 2,
    "location": "SRID=4326;POINT (28.358 50.8697)",
    "looking_for": 1,
    "intention": 4,
    "avatar": ""
  }
},
{
  "model": "user.profile",
  "pk": 44,
  "fields": {
    "user": 45,
    "surname": "Ivanenko",
    "first_name": "Natali",
    "last_name": "Sergeivna",
    "gender": 2,
    "location": "SRID=4326;POINT (28.6116 50.5961)",
    "looking_for": 1,
    "intention": 1,
    "avatar": ""
  }
},
{
  "model": "user.profile",
  "pk": 45,
  "fields": {
    "user": 46,
    "surname": "Ivanenko",
    "first_name": "Natali",
    "last_name": "Volodymyrivna",
    "gender": 2,
    "location": "SRID=4326;POINT (28.9061 50.3456)",
    "looking_for": 1,
    "intention": 1,
    "avatar": ""
  }
},
{
  "model": "user.profile",
  "pk": 46,
  "fields": {
    "user": 47,
    "surname": "Polishchuk",
    "first_name": "Natali",
    "last_name": "Sergeivna",
    "gender": 2,
    "location": "SRID=4326;POINT (28.6624 50.5628)",
    "looking_for": 1,
    "intention": 4,
    "avatar": ""
  }
},
{
  "model": "user.profile",
  "pk": 47,
  "fields": {
    "user": 48,
    "surname": "Polishchuk",
    "first_name": "Anastasia",
    "last_name": "Volodymyrivna",
    "gender": 2,
    "location": "SRID=4326;POINT (28.9593 50.9404)",
    "looking_for": 1,
    "intention": 3,
    "avatar": ""
  }
},
{
  "model": "user.profile",
  "pk": 48,
  "fields": {
    "user": 49,
    "surname": "Shevchenko",
    "first_name": "Anastasia",
    "last_name": "Sergeivna",
    "gender": 2,
    "location": "SRID=4326;POINT (28.1027 50.8971)",
    "looking_for": 1,
    "intention": 2,
    "avatar": ""
  }
},
{
  "model": "user.profile",
  "pk": 49,
  "fields": {
    "user": 50,
    "surname": "Kovalenko",
    "first_name": "Sasha",
    "last_name": "Maxymivna",
    "gender": 2,
    "location": "SRID=4326;POINT (28.5707 50.4423)",
    "looking_for": 1,
    "intention": 1,
    "avatar": ""
  }
},
{
  "model": "user.profile",
  "pk": 50,
  "fields": {
    "user": 51,
    "surname": "Boiko",
    "first_name": "Maria",
    "last_name": "Volodymyrivna",
    "gender": 2,
    "location": "SRID=4326;POINT (28.4941 50.8419)",
    "looking_for": 1,
    "intention": 3,
    "avatar": ""
  }
},
{
  "model": "user.profile",
  "pk": 51,
  "fields": {
    "user": 52,
    "surname": "Boiko",
    "first_name": "Sasha",
    "last_name": "Sergeivna",
    "gender": 2,
    "location": "SRID=4326;POINT (28.339 50.3389)",
    "looking_for": 1,
    "intention": 4,
    "avatar": ""
  }
},
{
  "model": "user.profile",
  "pk": 52,
  "fields": {
    "user": 53,
    "surname": "Shevchenko",
    "first_name": "Anastasia",
    "last_name": "Volodymyrivna",
    "gender": 2,
    "location": "SRID=4326;POINT (28.9725 50.7237)",
    "looking_for": 1,
    "intention": 2,
    "avatar": ""
  }
},
{
  "model": "user.profile",
  "pk": 53,
  "fields": {
    "user": 54,
    "surname": "Kovalenko",
    "first_name": "Liza",
    "last_name": "Volodymyrivna",
    "gender": 2,
    "location": "SRID=4326;POINT (28.2556 50.817)",
    "looking_for": 1,
    "intention": 4,
    "avatar": ""
  }
},
{
  "model": "user.profile",
  "pk": 54,
  "fields": {
    "user": 55,
    "surname": "Boiko",
    "first_name": "Anna",
    "last_name": "Sergeivna",
    "gender": 2,
    "location": "SRID=4326;POINT (28.279 50.5411)",
    "looking_for": 1,
    "intention": 3,
    "avatar": ""
  }
},
{
  "model": "user.profile",
  "pk": 55,
  "fields": {
    "user": 56,
    "surname": "Kovalenko",
    "first_name": "Anna",
    "last_name": "Maxymivna",
    "gender": 2,
    "location": "SRID=4326;POINT (28.1881 50.7762)",
    "looking_for": 1,
    "intention": 2,
    "avatar": ""
  }
},
{
  "model": "user.profile",
  "pk": 56,
  "fields": {
    "user": 57,
    "surname": "Ivanenko",
    "first_name": "Liza",
    "last_name": "Maxymivna",
    "gender": 2,
    "location": "SRID=4326;POINT (28.6711 50.6131)",
    "looking_for": 1,
    "intention": 4,
    "avatar": ""
  }
},
{
  "model": "user.profile",
  "pk": 57,
  "fields": {
    "user": 58,
    "surname": "Polishchuk",
    "first_name": "Natali",
    "last_name": "Volodymyrivna",
    "gender": 2,
    "location": "SRID=4326;POINT (28.6332 50.3517)",
    "looking_for": 1,
    "intention": 2,
    "avatar": ""
  }
},
{
  "model": "user.profile",
  "pk": 58,
  "fields": {
    "user": 59,
    "surname": "Polishchuk",
    "first_name": "Liza",
    "last_name": "Maxymivna",
    "gender": 2,
    "location": "SRID=4326;POINT (28.8823 50.7656)",
    "looking_for": 1,
    "intention": 2,
    "avatar": ""
  }
},
{
  "model": "user.profile",
  "pk": 59,
  "fields": {
    "user": 60,
    "surname": "Polishchuk",
    "first_name": "Anastasia",
    "last_name": "Maxymivna",
    "gender": 2,
    "location": "SRID=4326;POINT (28.2822 50.1649)",
    "looking_for": 1,
    "intention": 2,
    "avatar": ""
  }
},
{
  "model": "user.profile",
  "pk": 60,
  "fields": {
    "user": 61,
    "surname": "Ivanenko",
    "first_name": "Maria",
    "last_name": "Sergeivna",
    "gender": 2,
    "location": "SRID=4326;POINT (28.4251 50.2513)",
    "looking_for": 1,
    "intention": 3,
    "avatar": ""
  }
},
{
  "model": "user.profile",
  "pk": 61,
  "fields": {
    "user": 62,
    "surname": "Boiko",
    "first_name": "Anastasia",
    "last_name": "Volodymyrivna",
    "gender": 2,
    "location": "SRID=4326;POINT (28.1347 50.7359)",
    "looking_for": 1,
    "intention": 2,
    "avatar": ""
  }
},
{
  "model": "user.profile",
  "pk": 62,
  "fields": {
    "user": 63,
    "surname": "Ivanenko",
    "first_name": "Liza",
    "last_name": "Volodymyrivna",
    "gender": 2,
    "location": "SRID=4326;POINT (28.5772 50.1932)",
    "looking_for": 1,
    "intention": 4,
    "avatar": ""
  }
},
{
  "model": "user.profile",
  "pk": 63,
  "fields": {
    "user": 64,
    "surname": "Shevchenko",
    "first_name": "Natali",
    "last_name": "Maxymivna",
    "gender": 2,
    "location": "SRID=4326;POINT (28.8979 50.1803)",
    "looking_for": 1,
    "intention": 3,
    "avatar": ""
  }
},
{
  "model": "user.profile",
  "pk": 64,
  "fields": {
    "user": 65,
    "surname": "Ivanenko",
    "first_name": "Anastasia",
    "last_name": "Volodymyrivna",
    "gender": 2,
    "location": "SRID=4326;POINT (28.763 50.7897)",
    "looking_for": 1,
    "intention": 4,
    "avatar": ""
  }
},
{
  "model": "user.profile",
  "pk": 65,
  "fields": {
    "user": 66,
    "surname": "Ivanenko",
    "first_name": "Liza",
    "last_name": "Volodymyrivna",
    "gender": 2,
    "location": "SRID=4326;POINT (28.3024 50.1437)",
    "looking_for": 1,
    "intention": 4,
    "avatar": ""
  }
},
{
  "model": "user.profile",
  "pk": 66,
  "fields": {
    "user": 67,
    "surname": "Polishchuk",
    "first_name": "Sasha",
    "last_name": "Maxymivna",
    "gender": 2,
    "location": "SRID=4326;POINT (28.4941 50.6816)",
    "looking_for": 1,
    "intention": 2,
    "avatar": ""
  }
},
{
  "model": "user.profile",
  "pk": 67,
  "fields": {
    "user": 68,
    "surname": "Boiko",
    "first_name": "Natali",
    "last_name": "Maxymivna",
    "gender": 2,
    "location": "SRID=4326;POINT (28.4515 50.3531)",
    "looking_for": 1,
    "intention": 4,
    "avatar": ""
  }
},
{
  "model": "user.profile",
  "pk": 68,
  "fields": {
    "user": 69,
    "surname": "Polishchuk",
    "first_name": "Anastasia",
    "last_name": "Volodymyrivna",
    "gender": 2,
    "location": "SRID=4326;POINT (28.5068 50.3028)",
    "looking_for": 1,
    "intention": 1,
    "avatar": ""
  }
},
{
  "model": "user.profile",
  "pk": 69,
  "fields": {
    "user": 70,
    "surname": "Ivanenko",
    "first_name": "Natali",
    "last_name": "Volodymyrivna",
    "gender": 2,
    "location": "SRID=4326;POINT (28.8329 50.9402)",
    "looking_for": 1,
    "intention": 2,
    "avatar": ""
  }
},
{
  "model": "user.profile",
  "pk": 70,
  "fields": {
    "user": 71,
    "surname": "Kovalenko",
    "first_name": "Maria",
    "last_name": "Volodymyrivna",
    "gender": 2,
    "location": "SRID=4326;POINT (28.3541 50.7374)",
    "looking_for": 1,
    "intention": 1,
    "avatar": ""
  }
},
{
  "model": "user.profile",
  "pk": 71,
  "fields": {
    "user": 72,
    "surname": "Kovalenko",
    "first_name": "Natali",
    "last_name": "Sergeivna",
    "gender": 2,
    "location": "SRID=4326;POINT (28.7507 50.9822)",
    "looking_for": 1,
    "intention": 4,
    "avatar": ""
  }
},
{
  "model": "user.profile",
  "pk": 72,
  "fields": {
    "user": 73,
    "surname": "Kovalenko",
    "first_name": "Liza",
    "last_name": "Volodymyrivna",
    "gender": 2,
    "location": "SRID=4326;POINT (28.2199 50.9318)",
    "looking_for": 1,
    "intention": 3,
    "avatar": ""
  }
},
{
  "model": "user.profile",
  "pk": 73,
  "fields": {
    "user": 74,
    "surname": "Ivanenko",
    "first_name": "Natali",
    "last_name": "Volodymyrivna",
    "gender": 2,
    "location": "SRID=4326;POINT (28.4972 50.4335)",
    "looking_for": 1,
    "intention": 2,
    "avatar": ""
  }
},
{
  "model": "user.profile",
  "pk": 74,
  "fields": {
    "user": 75,
    "surname": "Boiko",
    "first_name": "Natali",
    "last_name": "Sergeivna",
    "gender": 2,
    "location": "SRID=4326;POINT (28.97 50.6811)",
    "looking_for": 1,
    "intention": 1,
    "avatar": ""
  }
},
{
  "model": "user.profileinterest",
  "pk": 1,
  "fields": {
    "profile": 1,
    "interest": 1
  }
},
{
  "model": "user.profileinterest",
  "pk": 2,
  "fields": {
    "profile": 1,
    "interest": 2
  }
},
{
  "model": "user.profileinterest",
  "pk": 3,
  "fields": {
    "profile": 2,
    "interest": 1
  }
},
{
  "model": "user.profileinterest",
  "pk": 4,
  "fields": {
    "profile": 2,
    "interest": 7
  }
},
{
  "model": "user.profileinterest",
  "pk": 5,
  "fields": {
    "profile": 3,
    "interest": 2
  }
},
{
  "model": "user.profileinterest",
  "pk": 6,
  "fields": {
    "profile": 3,
    "interest": 6
  }
},
{
  "model": "user.profileinterest",
  "pk": 7,
  "fields": {
    "profile": 4,
    "interest": 4
  }
},
{
  "model": "user.profileinterest",
  "pk": 8,
  "fields": {
    "profile": 4,
    "interest": 7
  }
},
{
  "model": "user.profileinterest",
  "pk": 9,
  "fields": {
    "profile": 5,
    "interest": 4
  }
},
{
  "model": "user.profileinterest",
  "pk": 10,
  "fields": {
    "profile": 5,
    "interest": 6
  }
},
{
  "model": "user.profileinterest",
  "pk": 11,
  "fields": {
    "profile": 6,
    "interest": 4
  }
},
{
  "model": "user.profileinterest",
  "pk": 12,
  "fields": {
    "profile": 6,
    "interest": 8
  }
},
{
  "model": "user.profileinterest",
  "pk": 13,
  "fields": {
    "profile": 7,
    "interest": 1
  }
},
{
  "model": "user.profileinterest",
  "pk": 14,
  "fields": {
    "profile": 7,
    "interest": 8
  }
},
{
  "model": "user.profileinterest",
  "pk": 15,
  "fields": {
    "profile": 8,
    "interest": 2
  }
},
{
  "model": "user.profileinterest",
  "pk": 16,
  "fields": {
    "profile": 8,
    "interest": 8
  }
},
{
  "model": "user.profileinterest",
  "pk": 17,
  "fields": {
    "profile": 9,
    "interest": 3
  }
},
{
  "model": "user.profileinterest",
  "pk": 18,
  "fields": {
    "profile": 9,
    "interest": 10
  }
},
{
  "model": "user.profileinterest",
  "pk": 19,
  "fields": {
    "profile": 10,
    "interest": 1
  }
},
{
  "model": "user.profileinterest",
  "pk": 20,
  "fields": {
    "profile": 10,
    "interest": 7
  }
},
{
  "model": "user.profileinterest",
  "pk": 21,
  "fields": {
    "profile": 11,
    "interest": 2
  }
},
{
  "model": "user.profileinterest",
  "pk": 22,
  "fields": {
    "profile": 11,
    "interest": 8
  }
},
{
  "model": "user.profileinterest",
  "pk": 23,
  "fields": {
    "profile": 12,
    "interest": 1
  }
},
{
  "model": "user.profileinterest",
  "pk": 24,
  "fields": {
    "profile": 12,
    "interest": 7
  }
},
{
  "model": "user.profileinterest",
  "pk": 25,
  "fields": {
    "profile": 13,
    "interest": 2
  }
},
{
  "model": "user.profileinterest",
  "pk": 26,
  "fields": {
    "profile": 13,
    "interest": 6
  }
},
{
  "model": "user.profileinterest",
  "pk": 27,
  "fields": {
    "profile": 14,
    "interest": 3
  }
},
{
  "model": "user.profileinterest",
  "pk": 28,
  "fields": {
    "profile": 14,
    "interest": 9
  }
},
{
  "model": "user.profileinterest",
  "pk": 29,
  "fields": {
    "profile": 15,
    "interest": 4
  }
},
{
  "model": "user.profileinterest",
  "pk": 30,
  "fields": {
    "profile": 15,
    "interest": 10
  }
},
{
  "model": "user.profileinterest",
  "pk": 31,
  "fields": {
    "profile": 16,
    "interest": 5
  }
},
{
  "model": "user.profileinterest",
  "pk": 32,
  "fields": {
    "profile": 16,
    "interest": 7
  }
},
{
  "model": "user.profileinterest",
  "pk": 33,
  "fields": {
    "profile": 17,
    "interest": 4
  }
},
{
  "model": "user.profileinterest",
  "pk": 34,
  "fields": {
    "profile": 17,
    "interest": 6
  }
},
{
  "model": "user.profileinterest",
  "pk": 35,
  "fields": {
    "profile": 18,
    "interest": 1
  }
},
{
  "model": "user.profileinterest",
  "pk": 36,
  "fields": {
    "profile": 18,
    "interest": 10
  }
},
{
  "model": "user.profileinterest",
  "pk": 37,
  "fields": {
    "profile": 19,
    "interest": 2
  }
},
{
  "model": "user.profileinterest",
  "pk": 38,
  "fields": {
    "profile": 19,
    "interest": 8
  }
},
{
  "model": "user.profileinterest",
  "pk": 39,
  "fields": {
    "profile": 20,
    "interest": 3
  }
},
{
  "model": "user.profileinterest",
  "pk": 40,
  "fields": {
    "profile": 20,
    "interest": 8
  }
},
{
  "model": "user.profileinterest",
  "pk": 41,
  "fields": {
    "profile": 21,
    "interest": 1
  }
},
{
  "model": "user.profileinterest",
  "pk": 42,
  "fields": {
    "profile": 21,
    "interest": 9
  }
},
{
  "model": "user.profileinterest",
  "pk": 43,
  "fields": {
    "profile": 22,
    "interest": 5
  }
},
{
  "model": "user.profileinterest",
  "pk": 44,
  "fields": {
    "profile": 22,
    "interest": 9
  }
},
{
  "model": "user.profileinterest",
  "pk": 45,
  "fields": {
    "profile": 23,
    "interest": 4
  }
},
{
  "model": "user.profileinterest",
  "pk": 46,
  "fields": {
    "profile": 23,
    "interest": 8
  }
},
{
  "model": "user.profileinterest",
  "pk": 47,
  "fields": {
    "profile": 24,
    "interest": 1
  }
},
{
  "model": "user.profileinterest",
  "pk": 48,
  "fields": {
    "profile": 24,
    "interest": 6
  }
},
{
  "model": "user.profileinterest",
  "pk": 49,
  "fields": {
    "profile": 25,
    "interest": 1
  }
},
{
  "model": "user.profileinterest",
  "pk": 50,
  "fields": {
    "profile": 25,
    "interest": 9
  }
},
{
  "model": "user.profileinterest",
  "pk": 51,
  "fields": {
    "profile": 26,
    "interest": 4
  }
},
{
  "model": "user.profileinterest",
  "pk": 52,
  "fields": {
    "profile": 26,
    "interest": 10
  }
},
{
  "model": "user.profileinterest",
  "pk": 53,
  "fields": {
    "profile": 27,
    "interest": 2
  }
},
{
  "model": "user.profileinterest",
  "pk": 54,
  "fields": {
    "profile": 27,
    "interest": 8
  }
},
{
  "model": "user.profileinterest",
  "pk": 55,
  "fields": {
    "profile": 28,
    "interest": 3
  }
},
{
  "model": "user.profileinterest",
  "pk": 56,
  "fields": {
    "profile": 28,
    "interest": 6
  }
},
{
  "model": "user.profileinterest",
  "pk": 57,
  "fields": {
    "profile": 29,
    "interest": 1
  }
},
{
  "model": "user.profileinterest",
  "pk": 58,
  "fields": {
    "profile": 29,
    "interest": 9
  }
},
{
  "model": "user.profileinterest",
  "pk": 59,
  "fields": {
    "profile": 30,
    "interest": 5
  }
},
{
  "model": "user.profileinterest",
  "pk": 60,
  "fields": {
    "profile": 30,
    "interest": 10
  }
},
{
  "model": "user.profileinterest",
  "pk": 61,
  "fields": {
    "profile": 31,
    "interest": 3
  }
},
{
  "model": "user.profileinterest",
  "pk": 62,
  "fields": {
    "profile": 31,
    "interest": 6
  }
},
{
  "model": "user.profileinterest",
  "pk": 63,
  "fields": {
    "profile": 32,
    "interest": 2
  }
},
{
  "model": "user.profileinterest",
  "pk": 64,
  "fields": {
    "profile": 32,
    "interest": 9
  }
},
{
  "model": "user.profileinterest",
  "pk": 65,
  "fields": {
    "profile": 33,
    "interest": 4
  }
},
{
  "model": "user.profileinterest",
  "pk": 66,
  "fields": {
    "profile": 33,
    "interest": 10
  }
},
{
  "model": "user.profileinterest",
  "pk": 67,
  "fields": {
    "profile": 34,
    "interest": 5
  }
},
{
  "model": "user.profileinterest",
  "pk": 68,
  "fields": {
    "profile": 34,
    "interest": 8
  }
},
{
  "model": "user.profileinterest",
  "pk": 69,
  "fields": {
    "profile": 35,
    "interest": 5
  }
},
{
  "model": "user.profileinterest",
  "pk": 70,
  "fields": {
    "profile": 35,
    "interest": 8
  }
},
{
  "model": "user.profileinterest",
  "pk": 71,
  "fields": {
    "profile": 36,
    "interest": 4
  }
},
{
  "model": "user.profileinterest",
  "pk": 72,
  "fields": {
    "profile": 36,
    "interest": 9
  }
},
{
  "model": "user.profileinterest",
  "pk": 73,
  "fields": {
    "profile": 37,
    "interest": 1
  }
},
{
  "model": "user.profileinterest",
  "pk": 74,
  "fields": {
    "profile": 37,
    "interest": 6
  }
},
{
  "model": "user.profileinterest",
  "pk": 75,
  "fields": {
    "profile": 38,
    "interest": 1
  }
},
{
  "model": "user.profileinterest",
  "pk": 76,
  "fields": {
    "profile": 38,
    "interest": 7
  }
},
{
  "model": "user.profileinterest",
  "pk": 77,
  "fields": {
    "profile": 39,
    "interest": 2
  }
},
{
  "model": "user.profileinterest",
  "pk": 78,
  "fields": {
    "profile": 39,
    "interest": 8
  }
},
{
  "model": "user.profileinterest",
  "pk": 79,
  "fields": {
    "profile": 40,
    "interest": 5
  }
},
{
  "model": "user.profileinterest",
  "pk": 80,
  "fields": {
    "profile": 40,
    "interest": 8
  }
},
{
  "model": "user.profileinterest",
  "pk": 81,
  "fields": {
    "profile": 41,
    "interest": 5
  }
},
{
  "model": "user.profileinterest",
  "pk": 82,
  "fields": {
    "profile": 41,
    "interest": 8
  }
},
{
  "model": "user.profileinterest",
  "pk": 83,
  "fields": {
    "profile": 42,
    "interest": 2
  }
},
{
  "model": "user.profileinterest",
  "pk": 84,
  "fields": {
    "profile": 42,
    "interest": 10
  }
},
{
  "model": "user.profileinterest",
  "pk": 85,
  "fields": {
    "profile": 43,
    "interest": 2
  }
},
{
  "model": "user.profileinterest",
  "pk": 86,
  "fields": {
    "profile": 43,
    "interest": 6
  }
},
{
  "model": "user.profileinterest",
  "pk": 87,
  "fields": {
    "profile": 44,
    "interest": 1
  }
},
{
  "model": "user.profileinterest",
  "pk": 88,
  "fields": {
    "profile": 44,
    "interest": 9
  }
},
{
  "model": "user.profileinterest",
  "pk": 89,
  "fields": {
    "profile": 45,
    "interest": 4
  }
},
{
  "model": "user.profileinterest",
  "pk": 90,
  "fields": {
    "profile": 45,
    "interest": 7
  }
},
{
  "model": "user.profileinterest",
  "pk": 91,
  "fields": {
    "profile": 46,
    "interest": 2
  }
},
{
  "model": "user.profileinterest",
  "pk": 92,
  "fields": {
    "profile": 46,
    "interest": 6
  }
},
{
  "model": "user.profileinterest",
  "pk": 93,
  "fields": {
    "profile": 47,
    "interest": 4
  }
},
{
  "model": "user.profileinterest",
  "pk": 94,
  "fields": {
    "profile": 47,
    "interest": 9
  }
},
{
  "model": "user.profileinterest",
  "pk": 95,
  "fields": {
    "profile": 48,
    "interest": 1
  }
},
{
  "model": "user.profileinterest",
  "pk": 96,
  "fields": {
    "profile": 48,
    "interest": 8
  }
},
{
  "model": "user.profileinterest",
  "pk": 97,
  "fields": {
    "profile": 49,
    "interest": 2
  }
},
{
  "model": "user.profileinterest",
  "pk": 98,
  "fields": {
    "profile": 49,
    "interest": 10
  }
},
{
  "model": "user.profileinterest",
  "pk": 99,
  "fields": {
    "profile": 50,
    "interest": 4
  }
},
{
  "model": "user.profileinterest",
  "pk": 100,
  "fields": {
    "profile": 50,
    "interest": 6
  }
},
{
  "model": "user.profileinterest",
  "pk": 101,
  "fields": {
    "profile": 51,
    "interest": 4
  }
},
{
  "model": "user.profileinterest",
  "pk": 102,
  "fields": {
    "profile": 51,
    "interest": 8
  }
},
{
  "model": "user.profileinterest",
  "pk": 103,
  "fields": {
    "profile": 52,
    "interest": 5
  }
},
{
  "model": "user.profileinterest",
  "pk": 104,
  "fields": {
    "profile": 52,
    "interest": 9
  }
},
{
  "model": "user.profileinterest",
  "pk": 105,
  "fields": {
    "profile": 53,
    "interest": 1
  }
},
{
  "model": "user.profileinterest",
  "pk": 106,
  "fields": {
    "profile": 53,
    "interest": 8
  }
},
{
  "model": "user.profileinterest",
  "pk": 107,
  "fields": {
    "profile": 54,
    "interest": 1
  }
},
{
  "model": "user.profileinterest",
  "pk": 108,
  "fields": {
    "profile": 54,
    "interest": 9
  }
},
{
  "model": "user.profileinterest",
  "pk": 109,
  "fields": {
    "profile": 55,
    "interest": 3
  }
},
{
  "model": "user.profileinterest",
  "pk": 110,
  "fields": {
    "profile": 55,
    "interest": 6
  }
},
{
  "model": "user.profileinterest",
  "pk": 111,
  "fields": {
    "profile": 56,
    "interest": 1
  }
},
{
  "model": "user.profileinterest",
  "pk": 112,
  "fields": {
    "profile": 56,
    "interest": 7
  }
},
{
  "model": "user.profileinterest",
  "pk": 113,
  "fields": {
    "profile": 57,
    "interest": 5
  }
},
{
  "model": "user.profileinterest",
  "pk": 114,
  "fields": {
    "profile": 57,
    "interest": 10
  }
},
{
  "model": "user.profileinterest",
  "pk": 115,
  "fields": {
    "profile": 58,
    "interest": 4
  }
},
{
  "model": "user.profileinterest",
  "pk": 116,
  "fields": {
    "profile": 58,
    "interest": 8
  }
},
{
  "model": "user.profileinterest",
  "pk": 117,
  "fields": {
    "profile": 59,
    "interest": 5
  }
},
{
  "model": "user.profileinterest",
  "pk": 118,
  "fields": {
    "profile": 59,
    "interest": 9
  }
},
{
  "model": "user.profileinterest",
  "pk": 119,
  "fields": {
    "profile": 60,
    "interest": 5
  }
},
{
  "model": "user.profileinterest",
  "pk": 120,
  "fields": {
    "profile": 60,
    "interest": 9
  }
},
{
  "model": "user.profileinterest",
  "pk": 121,
  "fields": {
    "profile": 61,
    "interest": 3
  }
},
{
  "model": "user.profileinterest",
  "pk": 122,
  "fields": {
    "profile": 61,
    "interest": 9
  }
},
{
  "model": "user.profileinterest",
  "pk": 123,
  "fields": {
    "profile": 62,
    "interest": 1
  }
},
{
  "model": "user.profileinterest",
  "pk": 124,
  "fields": {
    "profile": 62,
    "interest": 9
  }
},
{
  "model": "user.profileinterest",
  "pk": 125,
  "fields": {
    "profile": 63,
    "interest": 2
  }
},
{
  "model": "user.profileinterest",
  "pk": 126,
  "fields": {
    "profile": 63,
    "interest": 10
  }
},
{
  "model": "user.profileinterest",
  "pk": 127,
  "fields": {
    "profile": 64,
    "interest": 5
  }
},
{
  "model": "user.profileinterest",
  "pk": 128,
  "fields": {
    "profile": 64,
    "interest": 6
  }
},
{
  "model": "user.profileinterest",
  "pk": 129,
  "fields": {
    "profile": 65,
    "interest": 2
  }
},
{
  "model": "user.profileinterest",
  "pk": 130,
  "fields": {
    "profile": 65,
    "interest": 6
  }
},
{
  "model": "user.profileinterest",
  "pk": 131,
  "fields": {
    "profile": 66,
    "interest": 1
  }
},
{
  "model": "user.profileinterest",
  "pk": 132,
  "fields": {
    "profile": 66,
    "interest": 10
  }
},
{
  "model": "user.profileinterest",
  "pk": 133,
  "fields": {
    "profile": 67,
    "interest": 2
  }
},
{
  "model": "user.profileinterest",
  "pk": 134,
  "fields": {
    "profile": 67,
    "interest": 6
  }
},
{
  "model": "user.profileinterest",
  "pk": 135,
  "fields": {
    "profile": 68,
    "interest": 5
  }
},
{
  "model": "user.profileinterest",
  "pk": 136,
  "fields": {
    "profile": 68,
    "interest": 9
  }
},
{
  "model": "user.profileinterest",
  "pk": 137,
  "fields": {
    "profile": 69,
    "interest": 5
  }
},
{
  "model": "user.profileinterest",
  "pk": 138,
  "fields": {
    "profile": 69,
    "interest": 9
  }
},
{
  "model": "user.profileinterest",
  "pk": 139,
  "fields": {
    "profile": 70,
    "interest": 4
  }
},
{
  "model": "user.profileinterest",
  "pk": 140,
  "fields": {
    "profile": 70,
    "interest": 6
  }
},
{
  "model": "user.profileinterest",
  "pk": 141,
  "fields": {
    "profile": 71,
    "interest": 1
  }
},
{
  "model": "user.profileinterest",
  "pk": 142,
  "fields": {
    "profile": 71,
    "interest": 7
  }
},
{
  "model": "user.profileinterest",
  "pk": 143,
  "fields": {
    "profile": 72,
    "interest": 3
  }
},
{
  "model": "user.profileinterest",
  "pk": 144,
  "fields": {
    "profile": 72,
    "interest": 8
  }
},
{
  "model": "user.profileinterest",
  "pk": 145,
  "fields": {
    "profile": 73,
    "interest": 5
  }
},
{
  "model": "user.profileinterest",
  "pk": 146,
  "fields": {
    "profile": 73,
    "interest": 6
  }
},
{
  "model": "user.profileinterest",
  "pk": 147,
  "fields": {
    "profile": 74,
    "interest": 2
  }
},
{
  "model": "user.profileinterest",
  "pk": 148,
  "fields": {
    "profile": 74,
    "interest": 9
  }
},
{
  "model": "user.setting",
  "pk": 1,
  "fields": {
    "profile": 1,
    "search_distance": 50,
    "age_range": "{\"bounds\": \"[)\", \"lower\": \"18\", \"upper\": \"51\"}"
  }
},
{
  "model": "user.setting",
  "pk": 2,
  "fields": {
    "profile": 2,
    "search_distance": 50,
    "age_range": "{\"bounds\": \"[)\", \"lower\": \"18\", \"upper\": \"51\"}"
  }
},
{
  "model": "user.setting",
  "pk": 3,
  "fields": {
    "profile": 3,
    "search_distance": 50,
    "age_range": "{\"bounds\": \"[)\", \"lower\": \"18\", \"upper\": \"51\"}"
  }
},
{
  "model": "user.setting",
  "pk": 4,
  "fields": {
    "profile": 4,
    "search_distance": 50,
    "age_range": "{\"bounds\": \"[)\", \"lower\": \"18\", \"upper\": \"51\"}"
  }
},
{
  "model": "user.setting",
  "pk": 5,
  "fields": {
    "profile": 5,
    "search_distance": 50,
    "age_range": "{\"bounds\": \"[)\", \"lower\": \"18\", \"upper\": \"51\"}"
  }
},
{
  "model": "user.setting",
  "pk": 6,
  "fields": {
    "profile": 6,
    "search_distance": 50,
    "age_range": "{\"bounds\": \"[)\", \"lower\": \"18\", \"upper\": \"51\"}"
  }
},
{
  "model": "user.setting",
  "pk": 7,
  "fields": {
    "profile": 7,
    "search_distance": 50,
    "age_range": "{\"bounds\": \"[)\", \"lower\": \"18\", \"upper\": \"51\"}"
  }
},
{
  "model": "user.setting",
  "pk": 8,
  "fields": {
    "profile": 8,
    "search_distance": 50,
    "age_range": "{\"bounds\": \"[)\", \"lower\": \"18\", \"upper\": \"51\"}"
  }
},
{
  "model": "user.setting",
  "pk": 9,
  "fields": {
    "profile": 9,
    "search_distance": 50,
    "age_range": "{\"bounds\": \"[)\", \"lower\": \"18\", \"upper\": \"51\"}"
  }
},
{
  "model": "user.setting",
  "pk": 10,
  "fields": {
    "profile": 10,
    "search_distance": 50,
    "age_range": "{\"bounds\": \"[)\", \"lower\": \"18\", \"upper\": \"51\"}"
  }
},
{
  "model": "user.setting",
  "pk": 11,
  "fields": {
    "profile": 11,
    "search_distance": 50,
    "age_range": "{\"bounds\": \"[)\", \"lower\": \"18\", \"upper\": \"51\"}"
  }
},
{
  "model": "user.setting",
  "pk": 12,
  "fields": {
    "profile": 12,
    "search_distance": 50,
    "age_range": "{\"bounds\": \"[)\", \"lower\": \"18\", \"upper\": \"51\"}"
  }
},
{
  "model": "user.setting",
  "pk": 13,
  "fields": {
    "profile": 13,
    "search_distance": 50,
    "age_range": "{\"bounds\": \"[)\", \"lower\": \"18\", \"upper\": \"51\"}"
  }
},
{
  "model": "user.setting",
  "pk": 14,
  "fields": {
    "profile": 14,
    "search_distance": 50,
    "age_range": "{\"bounds\": \"[)\", \"lower\": \"18\", \"upper\": \"51\"}"
  }
},
{
  "model": "user.setting",
  "pk": 15,
  "fields": {
    "profile": 15,
    "search_distance": 50,
    "age_range": "{\"bounds\": \"[)\", \"lower\": \"18\", \"upper\": \"51\"}"
  }
},
{
  "model": "user.setting",
  "pk": 16,
  "fields": {
    "profile": 16,
    "search_distance": 50,
    "age_range": "{\"bounds\": \"[)\", \"lower\": \"18\", \"upper\": \"51\"}"
  }
},
{
  "model": "user.setting",
  "pk": 17,
  "fields": {
    "profile": 17,
    "search_distance": 50,
    "age_range": "{\"bounds\": \"[)\", \"lower\": \"18\", \"upper\": \"51\"}"
  }
},
{
  "model": "user.setting",
  "pk": 18,
  "fields": {
    "profile": 18,
    "search_distance": 50,
    "age_range": "{\"bounds\": \"[)\", \"lower\": \"18\", \"upper\": \"51\"}"
  }
},
{
  "model": "user.setting",
  "pk": 19,
  "fields": {
    "profile": 19,
    "search_distance": 50,
    "age_range": "{\"bounds\": \"[)\", \"lower\": \"18\", \"upper\": \"51\"}"
  }
},
{
  "model": "user.setting",
  "pk": 20,
  "fields": {
    "profile": 20,
    "search_distance": 50,
    "age_range": "{\"bounds\": \"[)\", \"lower\": \"18\", \"upper\": \"51\"}"
  }
},
{
  "model": "user.setting",
  "pk": 21,
  "fields": {
    "profile": 21,
    "search_distance": 50,
    "age_range": "{\"bounds\": \"[)\", \"lower\": \"18\", \"upper\": \"51\"}"
  }
},
{
  "model": "user.setting",
  "pk": 22,
  "fields": {
    "profile": 22,
    "search_distance": 50,
    "age_range": "{\"bounds\": \"[)\", \"lower\": \"18\", \"upper\": \"51\"}"
  }
},
{
  "model": "user.setting",
  "pk": 23,
  "fields": {
    "profile": 23,
    "search_distance": 50,
    "age_range": "{\"bounds\": \"[)\", \"lower\": \"18\", \"upper\": \"51\"}"
  }
},
{
  "model": "user.setting",
  "pk": 24,
  "fields": {
    "profile": 24,
    "search_distance": 50,
    "age_range": "{\"bounds\": \"[)\", \"lower\": \"18\", \"upper\": \"51\"}"
  }
},
{
  "model": "user.setting",
  "pk": 25,
  "fields": {
    "profile": 25,
    "search_distance": 50,
    "age_range": "{\"bounds\": \"[)\", \"lower\": \"18\", \"upper\": \"51\"}"
  }
},
{
  "model": "user.setting",
  "pk": 26,
  "fields": {
    "profile": 26,
    "search_distance": 50,
    "age_range": "{\"bounds\": \"[)\", \"lower\": \"18\", \"upper\": \"51\"}"
  }
},
{
  "model": "user.setting",
  "pk": 27,
  "fields": {
    "profile": 27,
    "search_distance": 50,
    "age_range": "{\"bounds\": \"[)\", \"lower\": \"18\", \"upper\": \"51\"}"
  }
},
{
  "model": "user.setting",
  "pk": 28,
  "fields": {
    "profile": 28,
    "search_distance": 50,
    "age_range": "{\"bounds\": \"[)\", \"lower\": \"18\", \"upper\": \"51\"}"
  }
},
{
  "model": "user.setting",
  "pk": 29,
  "fields": {
    "profile": 29,
    "search_distance": 50,
    "age_range": "{\"bounds\": \"[)\", \"lower\": \"18\", \"upper\": \"51\"}"
  }
},
{
  "model": "user.setting",
  "pk": 30,
  "fields": {
    "profile": 30,
    "search_distance": 50,
    "age_range": "{\"bounds\": \"[)\", \"lower\": \"18\", \"upper\": \"51\"}"
  }
},
{
  "model": "user.setting",
  "pk": 31,
  "fields": {
    "profile": 31,
    "search_distance": 50,
    "age_range": "{\"bounds\": \"[)\", \"lower\": \"18\", \"upper\": \"51\"}"
  }
},
{
  "model": "user.setting",
  "pk": 32,
  "fields": {
    "profile": 32,
    "search_distance": 50,
    "age_range": "{\"bounds\": \"[)\", \"lower\": \"18\", \"upper\": \"51\"}"
  }
},
{
  "model": "user.setting",
  "pk": 33,
  "fields": {
    "profile": 33,
    "search_distance": 50,
    "age_range": "{\"bounds\": \"[)\", \"lower\": \"18\", \"upper\": \"51\"}"
  }
},
{
  "model": "user.setting",
  "pk": 34,
  "fields": {
    "profile": 34,
    "search_distance": 50,
    "age_range": "{\"bounds\": \"[)\", \"lower\": \"18\", \"upper\": \"51\"}"
  }
},
{
  "model": "user.setting",
  "pk": 35,
  "fields": {
    "profile": 35,
    "search_distance": 50,
    "age_range": "{\"bounds\": \"[)\", \"lower\": \"18\", \"upper\": \"51\"}"
  }
},
{
  "model": "user.setting",
  "pk": 36,
  "fields": {
    "profile": 36,
    "search_distance": 50,
    "age_range": "{\"bounds\": \"[)\", \"lower\": \"18\", \"upper\": \"51\"}"
  }
},
{
  "model": "user.setting",
  "pk": 37,
  "fields": {
    "profile": 37,
    "search_distance": 50,
    "age_range": "{\"bounds\": \"[)\", \"lower\": \"18\", \"upper\": \"51\"}"
  }
},
{
  "model": "user.setting",
  "pk": 38,
  "fields": {
    "profile": 38,
    "search_distance": 50,
    "age_range": "{\"bounds\": \"[)\", \"lower\": \"18\", \"upper\": \"51\"}"
  }
},
{
  "model": "user.setting",
  "pk": 39,
  "fields": {
    "profile": 39,
    "search_distance": 50,
    "age_range": "{\"bounds\": \"[)\", \"lower\": \"18\", \"upper\": \"51\"}"
  }
},
{
  "model": "user.setting",
  "pk": 40,
  "fields": {
    "profile": 40,
    "search_distance": 50,
    "age_range": "{\"bounds\": \"[)\", \"lower\": \"18\", \"upper\": \"51\"}"
  }
},
{
  "model": "user.setting",
  "pk": 41,
  "fields": {
    "profile": 41,
    "search_distance": 50,
    "age_range": "{\"bounds\": \"[)\", \"lower\": \"18\", \"upper\": \"51\"}"
  }
},
{
  "model": "user.setting",
  "pk": 42,
  "fields": {
    "profile": 42,
    "search_distance": 50,
    "age_range": "{\"bounds\": \"[)\", \"lower\": \"18\", \"upper\": \"51\"}"
  }
},
{
  "model": "user.setting",
  "pk": 43,
  "fields": {
    "profile": 43,
    "search_distance": 50,
    "age_range": "{\"bounds\": \"[)\", \"lower\": \"18\", \"upper\": \"51\"}"
  }
},
{
  "model": "user.setting",
  "pk": 44,
  "fields": {
    "profile": 44,
    "search_distance": 50,
    "age_range": "{\"bounds\": \"[)\", \"lower\": \"18\", \"upper\": \"51\"}"
  }
},
{
  "model": "user.setting",
  "pk": 45,
  "fields": {
    "profile": 45,
    "search_distance": 50,
    "age_range": "{\"bounds\": \"[)\", \"lower\": \"18\", \"upper\": \"51\"}"
  }
},
{
  "model": "user.setting",
  "pk": 46,
  "fields": {
    "profile": 46,
    "search_distance": 50,
    "age_range": "{\"bounds\": \"[)\", \"lower\": \"18\", \"upper\": \"51\"}"
  }
},
{
  "model": "user.setting",
  "pk": 47,
  "fields": {
    "profile": 47,
    "search_distance": 50,
    "age_range": "{\"bounds\": \"[)\", \"lower\": \"18\", \"upper\": \"51\"}"
  }
},
{
  "model": "user.setting",
  "pk": 48,
  "fields": {
    "profile": 48,
    "search_distance": 50,
    "age_range": "{\"bounds\": \"[)\", \"lower\": \"18\", \"upper\": \"51\"}"
  }
},
{
  "model": "user.setting",
  "pk": 49,
  "fields": {
    "profile": 49,
    "search_distance": 50,
    "age_range": "{\"bounds\": \"[)\", \"lower\": \"18\", \"upper\": \"51\"}"
  }
},
{
  "model": "user.setting",
  "pk": 50,
  "fields": {
    "profile": 50,
    "search_distance": 50,
    "age_range": "{\"bounds\": \"[)\", \"lower\": \"18\", \"upper\": \"51\"}"
  }
},
{
  "model": "user.setting",
  "pk": 51,
  "fields": {
    "profile": 51,
    "search_distance": 50,
    "age_range": "{\"bounds\": \"[)\", \"lower\": \"18\", \"upper\": \"51\"}"
  }
},
{
  "model": "user.setting",
  "pk": 52,
  "fields": {
    "profile": 52,
    "search_distance": 50,
    "age_range": "{\"bounds\": \"[)\", \"lower\": \"18\", \"upper\": \"51\"}"
  }
},
{
  "model": "user.setting",
  "pk": 53,
  "fields": {
    "profile": 53,
    "search_distance": 50,
    "age_range": "{\"bounds\": \"[)\", \"lower\": \"18\", \"upper\": \"51\"}"
  }
},
{
  "model": "user.setting",
  "pk": 54,
  "fields": {
    "profile": 54,
    "search_distance": 50,
    "age_range": "{\"bounds\": \"[)\", \"lower\": \"18\", \"upper\": \"51\"}"
  }
},
{
  "model": "user.setting",
  "pk": 55,
  "fields": {
    "profile": 55,
    "search_distance": 50,
    "age_range": "{\"bounds\": \"[)\", \"lower\": \"18\", \"upper\": \"51\"}"
  }
},
{
  "model": "user.setting",
  "pk": 56,
  "fields": {
    "profile": 56,
    "search_distance": 50,
    "age_range": "{\"bounds\": \"[)\", \"lower\": \"18\", \"upper\": \"51\"}"
  }
},
{
  "model": "user.setting",
  "pk": 57,
  "fields": {
    "profile": 57,
    "search_distance": 50,
    "age_range": "{\"bounds\": \"[)\", \"lower\": \"18\", \"upper\": \"51\"}"
  }
},
{
  "model": "user.setting",
  "pk": 58,
  "fields": {
    "profile": 58,
    "search_distance": 50,
    "age_range": "{\"bounds\": \"[)\", \"lower\": \"18\", \"upper\": \"51\"}"
  }
},
{
  "model": "user.setting",
  "pk": 59,
  "fields": {
    "profile": 59,
    "search_distance": 50,
    "age_range": "{\"bounds\": \"[)\", \"lower\": \"18\", \"upper\": \"51\"}"
  }
},
{
  "model": "user.setting",
  "pk": 60,
  "fields": {
    "profile": 60,
    "search_distance": 50,
    "age_range": "{\"bounds\": \"[)\", \"lower\": \"18\", \"upper\": \"51\"}"
  }
},
{
  "model": "user.setting",
  "pk": 61,
  "fields": {
    "profile": 61,
    "search_distance": 50,
    "age_range": "{\"bounds\": \"[)\", \"lower\": \"18\", \"upper\": \"51\"}"
  }
},
{
  "model": "user.setting",
  "pk": 62,
  "fields": {
    "profile": 62,
    "search_distance": 50,
    "age_range": "{\"bounds\": \"[)\", \"lower\": \"18\", \"upper\": \"51\"}"
  }
},
{
  "model": "user.setting",
  "pk": 63,
  "fields": {
    "profile": 63,
    "search_distance": 50,
    "age_range": "{\"bounds\": \"[)\", \"lower\": \"18\", \"upper\": \"51\"}"
  }
},
{
  "model": "user.setting",
  "pk": 64,
  "fields": {
    "profile": 64,
    "search_distance": 50,
    "age_range": "{\"bounds\": \"[)\", \"lower\": \"18\", \"upper\": \"51\"}"
  }
},
{
  "model": "user.setting",
  "pk": 65,
  "fields": {
    "profile": 65,
    "search_distance": 50,
    "age_range": "{\"bounds\": \"[)\", \"lower\": \"18\", \"upper\": \"51\"}"
  }
},
{
  "model": "user.setting",
  "pk": 66,
  "fields": {
    "profile": 66,
    "search_distance": 50,
    "age_range": "{\"bounds\": \"[)\", \"lower\": \"18\", \"upper\": \"51\"}"
  }
},
{
  "model": "user.setting",
  "pk": 67,
  "fields": {
    "profile": 67,
    "search_distance": 50,
    "age_range": "{\"bounds\": \"[)\", \"lower\": \"18\", \"upper\": \"51\"}"
  }
},
{
  "model": "user.setting",
  "pk": 68,
  "fields": {
    "profile": 68,
    "search_distance": 50,
    "age_range": "{\"bounds\": \"[)\", \"lower\": \"18\", \"upper\": \"51\"}"
  }
},
{
  "model": "user.setting",
  "pk": 69,
  "fields": {
    "profile": 69,
    "search_distance": 50,
    "age_range": "{\"bounds\": \"[)\", \"lower\": \"18\", \"upper\": \"51\"}"
  }
},
{
  "model": "user.setting",
  "pk": 70,
  "fields": {
    "profile": 70,
    "search_distance": 50,
    "age_range": "{\"bounds\": \"[)\", \"lower\": \"18\", \"upper\": \"51\"}"
  }
},
{
  "model": "user.setting",
  "pk": 71,
  "fields": {
    "profile": 71,
    "search_distance": 50,
    "age_range": "{\"bounds\": \"[)\", \"lower\": \"18\", \"upper\": \"51\"}"
  }
},
{
  "model": "user.setting",
  "pk": 72,
  "fields": {
    "profile": 72,
    "search_distance": 50,
    "age_range": "{\"bounds\": \"[)\", \"lower\": \"18\", \"upper\": \"51\"}"
  }
},
{
  "model": "user.setting",
  "pk": 73,
  "fields": {
    "profile": 73,
    "search_distance": 50,
    "age_range": "{\"bounds\": \"[)\", \"lower\": \"18\", \"upper\": \"51\"}"
  }
},
{
  "model": "user.setting",
  "pk": 74,
  "fields": {
    "profile": 74,
    "search_distance": 50,
    "age_range": "{\"bounds\": \"[)\", \"lower\": \"18\", \"upper\": \"51\"}"
  }
}
]
